# ************************************************************
# Sequel Pro SQL dump
# Version 4541
#
# http://www.sequelpro.com/
# https://github.com/sequelpro/sequelpro
#
# Host: 47.105.78.16 (MySQL 5.5.5-10.2.4-MariaDB)
# Database: ep_manager
# Generation Time: 2019-12-04 10:46:18 +0000
# ************************************************************


/*!40101 SET @OLD_CHARACTER_SET_CLIENT=@@CHARACTER_SET_CLIENT */;
/*!40101 SET @OLD_CHARACTER_SET_RESULTS=@@CHARACTER_SET_RESULTS */;
/*!40101 SET @OLD_COLLATION_CONNECTION=@@COLLATION_CONNECTION */;
/*!40101 SET NAMES utf8 */;
/*!40014 SET @OLD_FOREIGN_KEY_CHECKS=@@FOREIGN_KEY_CHECKS, FOREIGN_KEY_CHECKS=0 */;
/*!40101 SET @OLD_SQL_MODE=@@SQL_MODE, SQL_MODE='NO_AUTO_VALUE_ON_ZERO' */;
/*!40111 SET @OLD_SQL_NOTES=@@SQL_NOTES, SQL_NOTES=0 */;


# Dump of table t_job_user_org_position
# ------------------------------------------------------------

DROP TABLE IF EXISTS `t_job_user_org_position`;

CREATE TABLE `t_job_user_org_position` (
  `job_id` bigint(20) NOT NULL,
  `user_id` bigint(20) DEFAULT NULL,
  `org_id` bigint(20) DEFAULT NULL,
  `position_id` bigint(20) DEFAULT NULL,
  `is_deleted` tinyint(3) unsigned zerofill DEFAULT 000,
  `is_locked` tinyint(3) unsigned zerofill DEFAULT 000,
  `created_time` datetime DEFAULT current_timestamp(),
  `creater_id` bigint(20) DEFAULT NULL,
  `creater_name` varchar(40) COLLATE utf8mb4_unicode_ci DEFAULT NULL,
  `last_modified_time` datetime DEFAULT NULL,
  `last_modifier_id` bigint(20) DEFAULT NULL,
  `last_modifier_name` varchar(40) COLLATE utf8mb4_unicode_ci DEFAULT NULL,
  PRIMARY KEY (`job_id`),
  UNIQUE KEY `job_id` (`job_id`)
) ENGINE=InnoDB DEFAULT CHARSET=utf8mb4 COLLATE=utf8mb4_unicode_ci;

LOCK TABLES `t_job_user_org_position` WRITE;
/*!40000 ALTER TABLE `t_job_user_org_position` DISABLE KEYS */;

INSERT INTO `t_job_user_org_position` (`job_id`, `user_id`, `org_id`, `position_id`, `is_deleted`, `is_locked`, `created_time`, `creater_id`, `creater_name`, `last_modified_time`, `last_modifier_id`, `last_modifier_name`)
VALUES
	(1,1,0,0,000,000,'2017-10-09 17:05:48',NULL,NULL,'2018-03-14 09:05:39',1,'系统管理员'),
	(32703862641000448,12948627418775552,0,1,001,000,'2018-03-27 11:46:56',1,'系统管理员','2019-02-02 11:49:14',1,'系统管理员'),
	(33101407743639552,33101303561322496,1,2,001,000,'2018-03-29 16:26:21',1,'系统管理员','2019-02-02 11:22:39',33101303561322496,'公司管理员'),
	(33101483845091328,33101303561322496,0,0,001,000,'2018-03-29 16:26:57',1,'系统管理员','2019-02-02 11:48:56',1,'系统管理员'),
	(70574451581779968,70574366592598016,70572776842330112,1,001,000,'2018-10-22 11:55:20',1,'系统管理员','2018-10-22 17:46:48',1,'系统管理员'),
	(70580709508513792,12949137737646080,70572776842330112,1,001,000,'2018-10-22 12:45:04',1,'系统管理员','2019-02-02 11:14:34',33101303561322496,'公司管理员'),
	(70618676281212928,33101303561322496,70572776842330112,1,001,000,'2018-10-22 17:46:48',1,'系统管理员','2019-02-02 10:39:19',1,'系统管理员'),
	(70618676339933184,70574366592598016,70572776842330112,1,001,000,'2018-10-22 17:46:48',1,'系统管理员','2019-02-02 11:14:34',33101303561322496,'公司管理员'),
	(70621920864763904,33101303561322496,70572776842330112,70621710002421760,001,000,'2018-10-22 18:12:36',70574366592598016,'磁云管理员','2019-02-02 11:14:34',33101303561322496,'公司管理员'),
	(70952049568645120,70952038415990784,70572776842330112,70619593940402176,001,000,'2018-10-24 13:56:13',70574366592598016,'磁云管理员','2019-02-01 15:27:19',1,'admin'),
	(70972845525565440,1,70572776842330112,70621710002421760,001,000,'2018-10-24 16:41:29',70574366592598016,'磁云管理员','2018-10-24 16:44:36',70574366592598016,'磁云管理员'),
	(70973237072232448,1,70572776842330112,70621710002421760,001,000,'2018-10-24 16:44:36',70574366592598016,'磁云管理员','2019-02-02 11:14:34',33101303561322496,'公司管理员'),
	(89085459990315008,70952038415990784,70572776842330112,70621710002421760,001,000,'2019-02-01 15:47:37',1,'系统管理员','2019-02-02 11:14:34',33101303561322496,'公司管理员'),
	(89085576269004800,70952038415990784,70572776842330112,70619593940402176,001,000,'2019-02-01 15:48:33',1,'系统管理员','2019-02-02 11:14:34',33101303561322496,'公司管理员'),
	(89097730676228096,89097730634285056,70572776842330112,70619593940402176,001,000,'2019-02-01 17:25:08',1,'系统管理员','2019-02-02 10:39:44',1,'系统管理员'),
	(89231883992301568,33101303561322496,0,1,001,000,'2019-02-02 11:11:17',1,'系统管理员','2019-02-02 11:49:55',1,'系统管理员'),
	(89235333004132352,70574366592598016,89232224005652480,1,000,000,'2019-02-02 11:38:42',33101303561322496,'公司管理员',NULL,NULL,NULL),
	(89236743775059968,33101303561322496,0,1,000,000,'2019-02-02 11:49:55',1,'系统管理员',NULL,NULL,NULL),
	(118966719856246784,33101303561322496,0,0,001,000,'2019-07-16 13:42:32',1,'系统管理员','2019-07-16 13:44:28',1,'系统管理员'),
	(126924400483106816,13346082838806528,89232224005652480,126924347861368832,001,000,'2019-08-29 11:44:30',70574366592598016,'某某集团管理员','2019-08-29 16:57:02',70574366592598016,'某某集团管理员'),
	(126925363740672000,13346100494729216,89232224005652480,126924347861368832,001,000,'2019-08-29 11:52:09',70574366592598016,'某某集团管理员','2019-08-29 11:52:26',70574366592598016,'cyMgr'),
	(126925435637334016,13346100494729216,89232224005652480,126924347861368832,000,000,'2019-08-29 11:52:44',70574366592598016,'某某集团管理员',NULL,NULL,NULL),
	(126962692545052672,13346082838806528,89234893621428224,126924347861368832,000,000,'2019-08-29 16:48:49',70574366592598016,'某某集团管理员',NULL,NULL,NULL),
	(126963727258877952,13346082838806528,89232224005652480,126924347861368832,000,000,'2019-08-29 16:57:02',70574366592598016,'某某集团管理员',NULL,NULL,NULL),
	(126963950926430208,13346082838806528,89232224005652480,126963813816729600,000,000,'2019-08-29 16:58:49',70574366592598016,'某某集团管理员',NULL,NULL,NULL);

/*!40000 ALTER TABLE `t_job_user_org_position` ENABLE KEYS */;
UNLOCK TABLES;


# Dump of table t_job_user_project_dept_position
# ------------------------------------------------------------

DROP TABLE IF EXISTS `t_job_user_project_dept_position`;

CREATE TABLE `t_job_user_project_dept_position` (
  `job_id` bigint(20) NOT NULL,
  `user_id` bigint(20) DEFAULT NULL,
  `project_dept_id` bigint(20) DEFAULT NULL,
  `position_id` bigint(20) DEFAULT NULL,
  `is_deleted` tinyint(3) unsigned zerofill DEFAULT NULL,
  `is_locked` tinyint(3) unsigned zerofill DEFAULT 000,
  `creater_id` bigint(20) DEFAULT NULL,
  `created_time` datetime DEFAULT current_timestamp(),
  `creater_name` varchar(40) COLLATE utf8mb4_unicode_ci DEFAULT NULL,
  `last_modified_time` datetime DEFAULT NULL,
  `last_modifier_id` bigint(20) DEFAULT NULL,
  `last_modifier_name` varchar(40) COLLATE utf8mb4_unicode_ci DEFAULT NULL,
  PRIMARY KEY (`job_id`),
  UNIQUE KEY `job_id` (`job_id`)
) ENGINE=InnoDB DEFAULT CHARSET=utf8mb4 COLLATE=utf8mb4_unicode_ci;



# Dump of table t_job_user_role
# ------------------------------------------------------------

DROP TABLE IF EXISTS `t_job_user_role`;

CREATE TABLE `t_job_user_role` (
  `id` bigint(20) NOT NULL,
  `job_id` bigint(20) DEFAULT NULL,
  `user_id` bigint(20) DEFAULT NULL,
  `role_id` bigint(20) DEFAULT NULL,
  `is_deleted` tinyint(3) unsigned zerofill DEFAULT NULL,
  `creater_id` bigint(20) DEFAULT NULL,
  `created_time` datetime DEFAULT current_timestamp(),
  `creater_name` varchar(40) COLLATE utf8mb4_unicode_ci DEFAULT NULL,
  `last_modified_time` datetime DEFAULT NULL,
  `last_modifier_id` bigint(20) DEFAULT NULL,
  `last_modifier_name` varchar(40) COLLATE utf8mb4_unicode_ci DEFAULT NULL,
  PRIMARY KEY (`id`),
  UNIQUE KEY `id` (`id`)
) ENGINE=InnoDB DEFAULT CHARSET=utf8mb4 COLLATE=utf8mb4_unicode_ci;

LOCK TABLES `t_job_user_role` WRITE;
/*!40000 ALTER TABLE `t_job_user_role` DISABLE KEYS */;

INSERT INTO `t_job_user_role` (`id`, `job_id`, `user_id`, `role_id`, `is_deleted`, `creater_id`, `created_time`, `creater_name`, `last_modified_time`, `last_modifier_id`, `last_modifier_name`)
VALUES
	(1,1,1,0,000,NULL,'2017-10-18 16:02:42',NULL,'2018-03-14 09:05:39',1,'系统管理员'),
	(32703862657777664,32703862641000448,12948627418775552,1,001,NULL,'2018-03-27 11:46:56',NULL,'2019-02-02 11:49:14',1,'系统管理员'),
	(33101407752028160,33101407743639552,33101303561322496,2,001,NULL,'2018-03-29 16:26:21',NULL,'2019-02-02 11:22:39',33101303561322496,'公司管理员'),
	(33101483853479936,33101483845091328,33101303561322496,0,001,NULL,'2018-03-29 16:26:57',NULL,'2019-02-02 11:48:56',1,'系统管理员'),
	(70574451592265728,70574451581779968,70574366592598016,1,001,NULL,'2018-10-22 11:55:20',NULL,'2018-10-22 17:46:48',1,'系统管理员'),
	(70580709518999552,70580709508513792,12949137737646080,1,001,NULL,'2018-10-22 12:45:04',NULL,'2019-02-02 11:14:34',33101303561322496,'公司管理员'),
	(70618676293795840,70618676281212928,33101303561322496,70618387750846464,001,NULL,'2018-10-22 17:46:48',NULL,'2019-02-02 10:39:19',1,'系统管理员'),
	(70618676348321792,70618676339933184,70574366592598016,70618387750846464,001,NULL,'2018-10-22 17:46:48',NULL,'2019-02-02 11:14:34',33101303561322496,'公司管理员'),
	(70621920871055360,70621920864763904,33101303561322496,70619688561803264,001,NULL,'2018-10-22 18:12:36',NULL,'2019-02-02 11:14:34',33101303561322496,'公司管理员'),
	(70621920879443968,70621920864763904,33101303561322496,70621804248432640,001,NULL,'2018-10-22 18:12:36',NULL,'2019-02-02 11:14:34',33101303561322496,'公司管理员'),
	(70952049581228032,70952049568645120,70952038415990784,70619688561803264,000,NULL,'2018-10-24 13:56:13',NULL,NULL,NULL,NULL),
	(70972845536051200,70972845525565440,1,70621804248432640,001,NULL,'2018-10-24 16:41:29',NULL,'2018-10-24 16:44:36',70574366592598016,'磁云管理员'),
	(70973237080621056,70973237072232448,1,70618387750846464,001,NULL,'2018-10-24 16:44:36',NULL,'2019-02-02 11:14:34',33101303561322496,'公司管理员'),
	(70973237086912512,70973237072232448,1,70621804248432640,001,NULL,'2018-10-24 16:44:36',NULL,'2019-02-02 11:14:34',33101303561322496,'公司管理员'),
	(89085460004995072,89085459990315008,70952038415990784,70619688561803264,001,NULL,'2019-02-01 15:47:37',NULL,'2019-02-02 11:14:34',33101303561322496,'公司管理员'),
	(89085460009189376,89085459990315008,70952038415990784,70621804248432640,001,NULL,'2019-02-01 15:47:37',NULL,'2019-02-02 11:14:34',33101303561322496,'公司管理员'),
	(89085576271101952,89085576269004800,70952038415990784,70621804248432640,001,NULL,'2019-02-01 15:48:33',NULL,'2019-02-02 11:14:34',33101303561322496,'公司管理员'),
	(89097730680422400,89097730676228096,89097730634285056,70621804248432640,001,NULL,'2019-02-01 17:25:08',NULL,'2019-02-02 10:39:44',1,'系统管理员'),
	(89231883998593024,89231883992301568,33101303561322496,0,001,NULL,'2019-02-02 11:11:17',NULL,'2019-02-02 11:49:55',1,'系统管理员'),
	(89235333006229504,89235333004132352,70574366592598016,70618387750846464,000,NULL,'2019-02-02 11:38:42',NULL,NULL,NULL,NULL),
	(89236743777157120,89236743775059968,33101303561322496,1,000,NULL,'2019-02-02 11:49:55',NULL,NULL,NULL,NULL),
	(118966719858343936,118966719856246784,33101303561322496,0,001,NULL,'2019-07-16 13:42:32',NULL,'2019-07-16 13:44:28',1,'系统管理员'),
	(126924400485203968,126924400483106816,13346082838806528,70618387750846464,001,NULL,'2019-08-29 11:44:30',NULL,'2019-08-29 16:57:02',70574366592598016,'某某集团管理员'),
	(126925363746963456,126925363740672000,13346100494729216,70618387750846464,000,NULL,'2019-08-29 11:52:09',NULL,NULL,NULL,NULL),
	(126925435641528320,126925435637334016,13346100494729216,70618387750846464,000,NULL,'2019-08-29 11:52:44',NULL,NULL,NULL,NULL),
	(126962692547149824,126962692545052672,13346082838806528,89235463142899712,000,NULL,'2019-08-29 16:48:49',NULL,NULL,NULL,NULL),
	(126963727260975104,126963727258877952,13346082838806528,89235598713290752,000,NULL,'2019-08-29 16:57:02',NULL,NULL,NULL,NULL),
	(126963950930624512,126963950926430208,13346082838806528,89235463142899712,000,NULL,'2019-08-29 16:58:49',NULL,NULL,NULL,NULL),
	(126963950939013120,126963950926430208,13346082838806528,89235598713290752,000,NULL,'2019-08-29 16:58:49',NULL,NULL,NULL,NULL);

/*!40000 ALTER TABLE `t_job_user_role` ENABLE KEYS */;
UNLOCK TABLES;


# Dump of table t_org
# ------------------------------------------------------------

DROP TABLE IF EXISTS `t_org`;

CREATE TABLE `t_org` (
  `org_id` bigint(20) NOT NULL,
  `org_name` varchar(255) COLLATE utf8mb4_unicode_ci DEFAULT NULL,
  `org_code` varchar(200) COLLATE utf8mb4_unicode_ci DEFAULT NULL,
  `org_type` varchar(10) COLLATE utf8mb4_unicode_ci DEFAULT NULL,
  `com_id` bigint(20) DEFAULT NULL,
  `office_location` varchar(256) COLLATE utf8mb4_unicode_ci DEFAULT NULL,
  `office_postcode` varchar(20) COLLATE utf8mb4_unicode_ci DEFAULT NULL,
  `office_tel` varchar(20) COLLATE utf8mb4_unicode_ci DEFAULT NULL,
  `office_fax` varchar(20) COLLATE utf8mb4_unicode_ci DEFAULT NULL,
  `office_contact` varchar(256) COLLATE utf8mb4_unicode_ci DEFAULT NULL,
  `parent_id` bigint(20) DEFAULT NULL,
  `id_path` varchar(255) COLLATE utf8mb4_unicode_ci DEFAULT NULL,
  `is_locked` tinyint(3) unsigned zerofill DEFAULT 000,
  `is_deleted` tinyint(3) unsigned zerofill DEFAULT 000,
  `created_time` datetime DEFAULT current_timestamp(),
  `creater_id` bigint(20) DEFAULT NULL,
  `creater_name` varchar(40) COLLATE utf8mb4_unicode_ci DEFAULT NULL,
  `last_modified_time` datetime DEFAULT NULL,
  `last_modifier_id` bigint(20) DEFAULT NULL,
  `last_modifier_name` varchar(40) COLLATE utf8mb4_unicode_ci DEFAULT NULL,
  `group_id` bigint(20) DEFAULT NULL,
  PRIMARY KEY (`org_id`),
  KEY `idx_org_id_path` (`id_path`) USING BTREE
) ENGINE=InnoDB DEFAULT CHARSET=utf8mb4 COLLATE=utf8mb4_unicode_ci;

LOCK TABLES `t_org` WRITE;
/*!40000 ALTER TABLE `t_org` DISABLE KEYS */;

INSERT INTO `t_org` (`org_id`, `org_name`, `org_code`, `org_type`, `com_id`, `office_location`, `office_postcode`, `office_tel`, `office_fax`, `office_contact`, `parent_id`, `id_path`, `is_locked`, `is_deleted`, `created_time`, `creater_id`, `creater_name`, `last_modified_time`, `last_modifier_id`, `last_modifier_name`, `group_id`)
VALUES
	(0,'根系统','ROOT','GROUP',0,NULL,NULL,NULL,NULL,NULL,NULL,'/',000,000,'2017-10-01 20:49:29',NULL,NULL,NULL,NULL,NULL,0),
	(1,'某某教育公司','HUATUEDU','GROUP',1,NULL,NULL,NULL,NULL,NULL,0,'/1/',000,001,'2017-10-09 17:03:06',NULL,NULL,'2019-02-02 11:23:19',33101303561322496,'公司管理员',1),
	(2,'信息化管理部','DEPT.INFO','DEPT',1,NULL,NULL,NULL,NULL,NULL,1,'/1/2/',000,001,'2017-10-09 17:04:05',NULL,NULL,'2019-02-02 11:23:19',33101303561322496,'公司管理员',1),
	(3,'信息化管理1部','DEPT.INFO1','DEPT',1,NULL,NULL,NULL,NULL,NULL,2,'/1/2/3/',000,001,'2017-10-24 14:27:47',NULL,NULL,'2019-02-02 11:23:19',33101303561322496,'公司管理员',1),
	(4,'信息化管理2部','DEPT.INFO2','DEPT',1,NULL,NULL,NULL,NULL,NULL,2,'/1/2/4/',000,001,'2017-10-24 14:28:32',NULL,NULL,'2019-02-02 11:23:19',33101303561322496,'公司管理员',1),
	(5,'人力行政部','DEPT.HR','DEPT',1,NULL,NULL,NULL,NULL,NULL,1,'/1/5/',000,001,'2017-10-24 14:29:21',NULL,NULL,'2019-02-02 11:23:19',33101303561322496,'公司管理员',1),
	(6,'人力部','DEPT.HR1','DEPT',1,NULL,NULL,NULL,NULL,NULL,5,'/1/5/6/',000,001,'2017-10-24 14:29:44',NULL,NULL,'2019-02-02 11:23:19',33101303561322496,'公司管理员',1),
	(7,'财务部','DEPT.FNCL','DEPT',1,NULL,NULL,NULL,NULL,NULL,1,'/1/7/',000,001,'2017-10-24 14:31:14',NULL,NULL,'2019-02-02 11:23:19',33101303561322496,'公司管理员',1),
	(8,'北京分校','COM.BJ','COM',8,NULL,NULL,NULL,NULL,NULL,1,'/1/8',000,001,'2017-11-04 11:25:26',NULL,NULL,'2019-02-02 11:23:19',33101303561322496,'公司管理员',1),
	(13889690845315072,'信息化3部','DEPT.INFO3',NULL,1,NULL,NULL,NULL,NULL,NULL,2,'/1/2/13889690845315072/',000,001,'2017-12-13 15:45:20',1,'系统管理员','2018-03-02 10:48:37',1,'系统管理员',1),
	(13904154827161600,'信息化管理3部','DEPT.INFO3','DEPT',1,NULL,NULL,NULL,NULL,NULL,2,'/1/2/13904154827161600/',000,001,'2017-12-13 17:40:17',1,'系统管理员','2018-03-02 10:48:37',1,'系统管理员',1),
	(15553893574377472,'南京分校','BS.NJ','COM',15553893574377472,NULL,NULL,NULL,NULL,NULL,1,'/1/15553893574377472/',000,001,'2017-12-22 20:11:14',1,'系统管理员','2019-02-02 11:23:19',33101303561322496,'公司管理员',1),
	(15554345154117632,'山西分校','BS.SX','COM',15554345154117632,NULL,NULL,NULL,NULL,NULL,1,'/1/15554345154117632/',000,001,'2017-12-22 20:14:49',1,'系统管理员','2019-02-02 11:23:19',33101303561322496,'公司管理员',1),
	(15554717656547328,'南宁分校','BS.NN','COM',15554717656547328,NULL,NULL,NULL,NULL,NULL,1,'/1/15554717656547328/',000,001,'2017-12-22 20:17:47',1,'系统管理员','2019-02-02 11:23:19',33101303561322496,'公司管理员',1),
	(15555762960990208,'上海分校','BS.SH','COM',15555762960990208,NULL,NULL,NULL,NULL,NULL,1,'/1/15555762960990208/',000,001,'2017-12-22 20:26:06',1,'系统管理员','2019-02-02 11:23:19',33101303561322496,'公司管理员',1),
	(23821282793488384,'AAAAAAAAAAAAAAa','AAAAAAAAAAAAAAa','COM',23821282793488384,NULL,NULL,NULL,NULL,NULL,1,'/1/23821282793488384/',001,001,'2018-02-06 11:14:32',1,'系统管理员','2019-02-02 11:23:19',33101303561322496,'公司管理员',1),
	(23821311304269824,'bbbbbb','bbbbbb','DEPT',1,NULL,NULL,NULL,NULL,NULL,1,'/1/23821311304269824/',000,001,'2018-02-06 11:14:46',1,'系统管理员','2019-02-02 11:23:19',33101303561322496,'公司管理员',1),
	(23821351498285056,'ccccccc','ccccccc','DEPT',1,NULL,NULL,NULL,NULL,NULL,1,'/1/23821351498285056/',000,001,'2018-02-06 11:15:05',1,'系统管理员','2019-02-02 11:23:19',33101303561322496,'公司管理员',1),
	(70570870931718144,'aaa','aaa','COM',70570870931718144,NULL,NULL,NULL,NULL,NULL,0,'/70570870931718144/',000,001,'2018-10-22 11:26:53',1,'系统管理员','2018-10-22 11:45:43',1,'系统管理员',0),
	(70572776842330112,'某某公司','xxcom','GROUP',70572776842330112,NULL,NULL,NULL,NULL,NULL,0,'/70572776842330112/',000,001,'2018-10-22 11:42:02',1,'系统管理员','2019-02-02 11:16:20',33101303561322496,'公司管理员',70572776842330112),
	(70572908361023488,'智链金服','zljf','GROUP',70572908361023488,NULL,NULL,NULL,NULL,NULL,70572776842330112,'/70572776842330112/70572908361023488/',000,001,'2018-10-22 11:43:05',1,'系统管理员','2018-10-22 11:43:59',1,'系统管理员',70572776842330112),
	(70573049987989504,'智链金服','zljf','COM',70573049987989504,NULL,NULL,NULL,NULL,NULL,70572776842330112,'/70572776842330112/70573049987989504/',000,001,'2018-10-22 11:44:12',1,'系统管理员','2019-02-02 11:15:06',33101303561322496,'公司管理员',70572776842330112),
	(70573209065357312,'bbbb','bbb','COM',70573209065357312,NULL,NULL,NULL,NULL,NULL,0,'/70573209065357312/',000,001,'2018-10-22 11:45:28',1,'系统管理员','2018-10-22 11:45:43',1,'系统管理员',0),
	(88493896945893376,'bbbbbb','bbbb','COM',88493896945893376,NULL,NULL,NULL,NULL,NULL,1,'/1/88493896945893376/',000,001,'2019-01-29 09:26:18',1,'系统管理员','2019-01-29 09:26:29',1,'系统管理员',1),
	(89232224005652480,'中国某某公司','CNXXCOM','GROUP',89232224005652480,NULL,NULL,NULL,NULL,NULL,0,'/89232224005652480/',000,000,'2019-02-02 11:14:00',33101303561322496,'公司管理员',NULL,NULL,NULL,89232224005652480),
	(89232629919907840,'某某公司','XXCOM','COM',89232629919907840,NULL,NULL,NULL,NULL,NULL,0,'/89232629919907840/',000,001,'2019-02-02 11:17:13',33101303561322496,'公司管理员','2019-02-02 11:17:41',33101303561322496,'公司管理员',0),
	(89233228375785472,'1111','111','COM',89233228375785472,NULL,NULL,NULL,NULL,NULL,0,'/89233228375785472/',000,001,'2019-02-02 11:21:59',33101303561322496,'公司管理员','2019-02-02 11:23:30',33101303561322496,'公司管理员',0),
	(89233258352476160,'222','222','GROUP',89233258352476160,NULL,NULL,NULL,NULL,NULL,0,'/89233258352476160/',000,001,'2019-02-02 11:22:13',33101303561322496,'公司管理员','2019-02-02 11:23:46',33101303561322496,'公司管理员',89233258352476160),
	(89233511348699136,'某某教育公司','XXCOM','GROUP',89233511348699136,NULL,NULL,NULL,NULL,NULL,0,'/89233511348699136/',000,001,'2019-02-02 11:24:13',33101303561322496,'公司管理员','2019-02-02 11:34:18',33101303561322496,'公司管理员',89233511348699136),
	(89234893621428224,'IT事业部','IT','DEPT',89232224005652480,NULL,NULL,NULL,NULL,NULL,89232224005652480,'/89232224005652480/89234893621428224/',000,000,'2019-02-02 11:35:13',33101303561322496,'公司管理员','2019-02-02 11:36:33',33101303561322496,'公司管理员',89232224005652480),
	(89234943277793280,'bbb','ddd','COM',89234943277793280,NULL,NULL,NULL,NULL,NULL,89232224005652480,'/89232224005652480/89234943277793280/',000,001,'2019-02-02 11:35:36',33101303561322496,'公司管理员','2019-02-02 11:36:26',33101303561322496,'公司管理员',89232224005652480),
	(89235957483569152,'某某教育公司','XXEDU','GROUP',89235957483569152,NULL,NULL,NULL,NULL,NULL,0,'/89235957483569152/',000,000,'2019-02-02 11:43:40',33101303561322496,'公司管理员',NULL,NULL,NULL,89235957483569152),
	(89245459056427008,'aa','bb','COM',89245459056427008,NULL,NULL,NULL,NULL,NULL,89232224005652480,'/89232224005652480/89245459056427008/',000,000,'2019-02-02 12:59:11',70574366592598016,'某某集团管理员',NULL,NULL,NULL,89232224005652480);

/*!40000 ALTER TABLE `t_org` ENABLE KEYS */;
UNLOCK TABLES;


# Dump of table t_position
# ------------------------------------------------------------

DROP TABLE IF EXISTS `t_position`;

CREATE TABLE `t_position` (
  `position_id` bigint(20) NOT NULL,
  `position_name` varchar(40) COLLATE utf8mb4_unicode_ci DEFAULT NULL,
  `position_code` varchar(255) COLLATE utf8mb4_unicode_ci DEFAULT NULL,
  `group_id` bigint(20) DEFAULT NULL,
  `is_deleted` tinyint(3) unsigned zerofill DEFAULT 000,
  `is_locked` tinyint(3) unsigned zerofill DEFAULT 000,
  `created_time` datetime DEFAULT current_timestamp(),
  `creater_id` varchar(40) COLLATE utf8mb4_unicode_ci DEFAULT NULL,
  `creater_name` varchar(40) COLLATE utf8mb4_unicode_ci DEFAULT NULL,
  `last_modified_time` datetime DEFAULT NULL,
  `last_modifier_id` bigint(20) DEFAULT NULL,
  `last_modifier_name` varchar(40) COLLATE utf8mb4_unicode_ci DEFAULT NULL,
  PRIMARY KEY (`position_id`),
  UNIQUE KEY `position_id` (`position_id`)
) ENGINE=InnoDB DEFAULT CHARSET=utf8mb4 COLLATE=utf8mb4_unicode_ci;

LOCK TABLES `t_position` WRITE;
/*!40000 ALTER TABLE `t_position` DISABLE KEYS */;

INSERT INTO `t_position` (`position_id`, `position_name`, `position_code`, `group_id`, `is_deleted`, `is_locked`, `created_time`, `creater_id`, `creater_name`, `last_modified_time`, `last_modifier_id`, `last_modifier_name`)
VALUES
	(0,'根系统管理员','ROOT.SYS.MGR',0,000,000,'2017-11-06 08:51:53',NULL,NULL,NULL,NULL,NULL),
	(1,'公司管理员','COM.MGR',0,000,000,'2017-12-07 10:03:40',NULL,NULL,NULL,NULL,NULL),
	(2,'系统管理员','SYS.MGR',1,000,000,'2017-12-07 10:03:41',NULL,NULL,NULL,NULL,NULL),
	(3,'事业部管理员','DEPT.MGR',1,000,000,'2017-12-07 10:08:42',NULL,NULL,NULL,NULL,NULL),
	(28957434695385088,'财务主管','FN.MGR',0,000,000,'2018-03-06 19:33:00','1','系统管理员','2018-03-06 19:33:58',1,'系统管理员'),
	(70619593940402176,'开发人员','DEV',70572776842330112,000,000,'2018-10-22 17:54:06','70574366592598016','磁云管理员',NULL,NULL,NULL),
	(70621710002421760,'维护人员','OPER',70572776842330112,000,000,'2018-10-22 18:10:55','70574366592598016','磁云管理员',NULL,NULL,NULL),
	(126924347861368832,'架构师','AAAAA',89232224005652480,000,000,'2019-08-29 11:44:05','70574366592598016','某某集团管理员',NULL,NULL,NULL),
	(126963813816729600,'普通员工','Employee',89232224005652480,000,000,'2019-08-29 16:57:44','70574366592598016','某某集团管理员',NULL,NULL,NULL);

/*!40000 ALTER TABLE `t_position` ENABLE KEYS */;
UNLOCK TABLES;


# Dump of table t_privilege
# ------------------------------------------------------------

DROP TABLE IF EXISTS `t_privilege`;

CREATE TABLE `t_privilege` (
  `privilege_id` bigint(20) NOT NULL AUTO_INCREMENT,
  `privilege_name` varchar(255) COLLATE utf8mb4_unicode_ci NOT NULL,
  `privilege_code` varchar(200) COLLATE utf8mb4_unicode_ci DEFAULT NULL,
  `menu_name` varchar(200) COLLATE utf8mb4_unicode_ci DEFAULT NULL,
  `front_end_system` varchar(200) COLLATE utf8mb4_unicode_ci DEFAULT NULL,
  `simple_url` varchar(2038) COLLATE utf8mb4_unicode_ci DEFAULT NULL,
  `icon_class` varchar(40) COLLATE utf8mb4_unicode_ci DEFAULT NULL,
  `icon_type` varchar(40) COLLATE utf8mb4_unicode_ci DEFAULT NULL,
  `ab` varchar(10) COLLATE utf8mb4_unicode_ci DEFAULT NULL,
  `collapse` varchar(40) COLLATE utf8mb4_unicode_ci DEFAULT NULL,
  `sort_value` decimal(19,4) DEFAULT NULL,
  `request_method` varchar(40) COLLATE utf8mb4_unicode_ci DEFAULT NULL,
  `is_menu` tinyint(3) unsigned zerofill DEFAULT NULL,
  `parent_id` bigint(20) DEFAULT NULL,
  `id_path` varchar(1024) COLLATE utf8mb4_unicode_ci DEFAULT NULL,
  `is_locked` tinyint(3) unsigned zerofill DEFAULT 000,
  `is_deleted` tinyint(3) unsigned zerofill DEFAULT 000,
  `created_time` datetime DEFAULT current_timestamp(),
  `creater_id` bigint(20) DEFAULT NULL,
  `creater_name` varchar(40) COLLATE utf8mb4_unicode_ci DEFAULT NULL,
  `last_modified_time` datetime DEFAULT NULL,
  `last_modifier_id` bigint(20) DEFAULT NULL,
  `last_modifier_name` varchar(40) COLLATE utf8mb4_unicode_ci DEFAULT NULL,
  PRIMARY KEY (`privilege_id`),
  UNIQUE KEY `privilege_id` (`privilege_id`)
) ENGINE=InnoDB DEFAULT CHARSET=utf8mb4 COLLATE=utf8mb4_unicode_ci;

LOCK TABLES `t_privilege` WRITE;
/*!40000 ALTER TABLE `t_privilege` DISABLE KEYS */;

INSERT INTO `t_privilege` (`privilege_id`, `privilege_name`, `privilege_code`, `menu_name`, `front_end_system`, `simple_url`, `icon_class`, `icon_type`, `ab`, `collapse`, `sort_value`, `request_method`, `is_menu`, `parent_id`, `id_path`, `is_locked`, `is_deleted`, `created_time`, `creater_id`, `creater_name`, `last_modified_time`, `last_modifier_id`, `last_modifier_name`)
VALUES
	(1,'角色人员管理','manager:role.back.menu',NULL,'manager','/role-management','fa fa-users','',NULL,NULL,1.0000,'GET',001,0,'/1/',000,000,'2017-10-06 10:52:50',NULL,NULL,NULL,NULL,NULL),
	(2,'组织机构人员管理','manager:org.back.menu',NULL,'manager','/org-management','fa fa-globe',NULL,NULL,NULL,2.0000,'GET',001,0,'/2/',000,000,'2017-10-06 10:52:50',NULL,NULL,NULL,NULL,NULL),
	(3,'事业部人员管理','manager:project-dept.back.menu',NULL,'manager','/project-dept-management','fa fa-address-card',NULL,NULL,NULL,3.0000,'GET',001,0,'/3/',000,001,'2017-10-06 10:56:43',NULL,NULL,'2018-03-20 16:36:17',1,'系统管理员'),
	(4,'账号管理','manager:account.back.menu',NULL,'manager','/user-management','fa fa-user',NULL,NULL,NULL,0.0000,'GET',001,0,'/4/',000,000,'2017-10-06 10:56:43',NULL,NULL,NULL,NULL,NULL),
	(5,'角色权限配置','manager:role-privilege.back.menu',NULL,'manager','/role-privilege-setting',NULL,NULL,NULL,NULL,0.0000,'GET',001,0,'/5/',000,001,'2017-10-06 10:56:43',NULL,NULL,NULL,NULL,NULL),
	(6,'权限项管理','manager:privilege.back.menu',NULL,'manager','/privilege-management','fa fa-th',NULL,NULL,NULL,21.0000,'GET',001,0,'/6/',000,000,'2017-10-06 10:56:43',NULL,NULL,NULL,NULL,NULL),
	(7,'菜单用数据接口','manager:menus',NULL,'manager',NULL,NULL,NULL,NULL,NULL,0.0000,'GET',000,0,'/7/',000,000,'2017-10-21 13:04:33',NULL,NULL,NULL,NULL,NULL),
	(8,'查询jobs接口','manager:menus.query-jobs',NULL,'manager',NULL,NULL,NULL,NULL,NULL,0.0000,'GET',000,7,'/7/8/',000,000,'2017-10-21 13:13:54',NULL,NULL,NULL,NULL,NULL),
	(9,'查询菜单代码接口','manager:menus.query-menu-codes',NULL,'manager',NULL,NULL,NULL,NULL,NULL,0.0000,'GET',000,7,'/7/9/',000,000,'2017-10-22 09:33:35',NULL,NULL,NULL,NULL,NULL),
	(10,'切换职务接口','manager:menus.switch-job',NULL,'manager',NULL,NULL,NULL,NULL,NULL,0.0000,'GET',000,7,'/7/10/',000,000,'2017-10-22 09:35:23',NULL,NULL,NULL,NULL,NULL),
	(11,'返回角色森林','manager:role.back.trees',NULL,'manager',NULL,NULL,NULL,NULL,NULL,0.0000,'GET',000,1,'/1/11/',000,000,'2017-10-22 20:31:52',NULL,NULL,NULL,NULL,NULL),
	(13,'返回自己所在事业部','manager:project-dept.back.my-prjdpts',NULL,'manager',NULL,NULL,NULL,NULL,NULL,0.0000,'GET',000,18,'/3/18/13/',000,001,'2017-10-23 21:02:52',NULL,NULL,'2018-03-20 16:36:17',1,'系统管理员'),
	(14,'返回组织机构树','manager:org.back.tree',NULL,'manager',NULL,NULL,NULL,NULL,NULL,0.0000,'GET',000,2,'/2/14/',000,000,'2017-10-24 13:41:39',NULL,NULL,NULL,NULL,NULL),
	(15,'返回本公司所有事业部','manager:project-dept.back.com-all-prjdpts',NULL,'manager',NULL,NULL,NULL,NULL,NULL,0.0000,'GET',000,18,'/3/18/15/',000,001,'2017-10-27 10:04:23',NULL,NULL,'2018-03-20 16:36:17',1,'系统管理员'),
	(16,'返回本公司及下属公司所有事业部','manager:project-dept.back.com-subcoms-all-prjdpts',NULL,'manager',NULL,NULL,NULL,NULL,NULL,0.0000,'GET',000,18,'/3/18/16/',000,001,'2017-10-27 10:06:16',NULL,NULL,'2018-03-20 16:36:17',1,'系统管理员'),
	(17,'返回角色森林','manager:role.back.trees',NULL,'manager',NULL,NULL,NULL,NULL,NULL,0.0000,'GET',000,1,'/1/17/',000,001,'2017-10-28 22:19:24',NULL,NULL,'2019-02-02 11:32:12',33101303561322496,'公司管理员'),
	(18,'返回事业部森林','manager:project-dept.back.trees',NULL,'manager',NULL,NULL,NULL,NULL,NULL,0.0000,'GET',000,3,'/3/18/',000,001,'2017-10-28 22:39:16',NULL,NULL,'2018-03-20 16:36:17',1,'系统管理员'),
	(19,'根事业部管理','manager:project-dept.back.trees-all',NULL,'manager',NULL,NULL,NULL,NULL,NULL,0.0000,'GET',000,18,'/3/18/19/',000,001,'2017-11-04 16:03:06',NULL,NULL,'2018-03-20 16:36:17',1,'系统管理员'),
	(20,'职位人员管理','manager:position.back.menu',NULL,'manager','/position-management','fa fa-universal-access',NULL,NULL,NULL,20.0000,'GET',000,0,'/20/',000,000,'2017-11-05 17:08:06',NULL,NULL,NULL,NULL,NULL),
	(21,'返回职位森林','manager:position.back.trees',NULL,'manager',NULL,NULL,NULL,NULL,NULL,0.0000,'GET',000,20,'/20/21/',000,001,'2017-11-05 17:46:15',NULL,NULL,NULL,NULL,NULL),
	(22,'根职位管理','manager:position.back.trees-all',NULL,'manager',NULL,NULL,NULL,NULL,NULL,0.0000,'GET',000,21,'/20/21/22/',000,001,'2017-11-05 20:59:32',NULL,NULL,NULL,NULL,NULL),
	(23,'返回本集团所有职位','manager:position.back.trees-group-positions',NULL,'manager',NULL,NULL,NULL,NULL,NULL,0.0000,'GET',000,21,'/20/21/23/',000,001,'2017-11-05 21:02:35',NULL,NULL,NULL,NULL,NULL),
	(24,'添加角色','manager:role.back.add',NULL,'manager',NULL,NULL,NULL,NULL,NULL,0.0000,'POST',000,1,'/1/24/',000,000,'2017-11-23 12:25:52',NULL,NULL,NULL,NULL,NULL),
	(25,'多选删除角色','manager:role.back.delete-by-ids',NULL,'manager',NULL,NULL,NULL,NULL,NULL,0.0000,'DELETE',000,1,'/1/25/',000,000,'2017-11-23 16:44:51',NULL,NULL,NULL,NULL,NULL),
	(26,'修改角色','manager:role.back.modify',NULL,'manager',NULL,NULL,NULL,NULL,NULL,0.0000,'PUT',000,1,'/1/26/',000,000,'2017-11-25 10:49:07',NULL,NULL,NULL,NULL,NULL),
	(27,'移动角色','manager:role.back.move-to',NULL,'manager',NULL,NULL,NULL,NULL,NULL,0.0000,'PUT',000,1,'/1/27/',000,000,'2017-11-28 10:37:59',NULL,NULL,NULL,NULL,NULL),
	(28,'返回账号管理列表','manager:user.back.page-query',NULL,'manager',NULL,NULL,NULL,NULL,NULL,0.0000,'GET',000,4,'/4/28/',000,000,'2017-12-02 15:42:07',NULL,NULL,NULL,NULL,NULL),
	(29,'返回所有账号（包括所有集团）','manager:user.back.page-query-all-groups',NULL,'manager',NULL,NULL,NULL,NULL,NULL,0.0000,'GET',000,4,'/4/29/',000,000,'2017-12-02 16:17:20',NULL,NULL,NULL,NULL,NULL),
	(30,'添加帐号','manager:user.back.add',NULL,'manager',NULL,NULL,NULL,NULL,NULL,0.0000,'POST',000,4,'/4/30/',000,000,'2017-12-08 08:27:54',NULL,NULL,NULL,NULL,NULL),
	(31,'修改帐号','manager:user.back.modify',NULL,'manager',NULL,NULL,NULL,NULL,NULL,0.0000,'PUT',000,4,'/4/31/',000,000,'2017-12-08 08:28:53',NULL,NULL,NULL,NULL,NULL),
	(32,'删除帐号','manager:user.back.delete-by-ids',NULL,'manager',NULL,NULL,NULL,NULL,NULL,0.0000,'DELETE',000,4,'/4/32/',000,000,'2017-12-08 08:30:05',NULL,NULL,NULL,NULL,NULL),
	(33,'锁定账号','manager:user.back.lock',NULL,'manager',NULL,NULL,NULL,NULL,NULL,0.0000,'PUT',000,4,'/4/33/',000,000,'2017-12-10 14:16:37',NULL,NULL,NULL,NULL,NULL),
	(34,'解锁账号','manager:user.back.unlock',NULL,'manager',NULL,NULL,NULL,NULL,NULL,0.0000,'PUT',000,4,'/4/34/',000,000,'2017-12-10 14:16:37',NULL,NULL,NULL,NULL,NULL),
	(35,'锁定角色','manager:role.back.lock',NULL,'manager',NULL,NULL,NULL,NULL,NULL,0.0000,'PUT',000,1,'/1/35/',000,000,'2017-12-10 15:02:08',NULL,NULL,NULL,NULL,NULL),
	(36,'解锁角色','manager:role.back.unlock',NULL,'manager',NULL,NULL,NULL,NULL,NULL,0.0000,'PUT',000,1,'/1/36/',000,000,'2017-12-10 15:02:08',NULL,NULL,NULL,NULL,NULL),
	(37,'添加组织机构','manager:org.back.add',NULL,'manager',NULL,NULL,NULL,NULL,NULL,0.0000,'POST',000,2,'/2/37/',000,000,'2017-12-13 15:23:16',NULL,NULL,NULL,NULL,NULL),
	(38,'多选删除组织机构','manager:org.back.delete-by-ids',NULL,'manager',NULL,NULL,NULL,NULL,NULL,0.0000,'DELETE',000,2,'/2/38/',000,000,'2017-12-13 15:23:16',NULL,NULL,NULL,NULL,NULL),
	(39,'修改组织机构','manager:org.back.modify',NULL,'manager',NULL,NULL,NULL,NULL,NULL,0.0000,'PUT',000,2,'/2/39/',000,000,'2017-12-13 15:23:16',NULL,NULL,NULL,NULL,NULL),
	(40,'移动组织机构','manager:org.back.move-to',NULL,'manager',NULL,NULL,NULL,NULL,NULL,0.0000,'PUT',000,2,'/2/40/',000,000,'2017-12-13 15:23:16',NULL,NULL,NULL,NULL,NULL),
	(41,'锁定组织机构','manager:org.back.lock',NULL,'manager',NULL,NULL,NULL,NULL,NULL,0.0000,'PUT',000,2,'/2/41/',000,000,'2017-12-13 15:23:16',NULL,NULL,NULL,NULL,NULL),
	(42,'解锁组织机构','manager:org.back.unlock',NULL,'manager',NULL,NULL,NULL,NULL,NULL,0.0000,'PUT',000,2,'/2/42/',000,000,'2017-12-13 15:23:16',NULL,NULL,NULL,NULL,NULL),
	(43,'返回本集团所有账号','manager:user.back.page-query-all-coms',NULL,'manager',NULL,NULL,NULL,NULL,NULL,0.0000,'GET',000,4,'/4/43/',000,000,'2017-12-22 21:36:50',NULL,NULL,NULL,NULL,NULL),
	(44,'返回所有事业部（包括所有集团）','manager:project-dept.back.page-query-all-groups',NULL,'manager',NULL,NULL,NULL,NULL,NULL,0.0000,'GET',000,46,'/3/45/46/44/',000,001,'2017-12-30 14:57:37',NULL,NULL,'2018-03-20 16:36:17',1,'系统管理员'),
	(45,'返回本公司事业部管理列表','manager:project-dept.back.page-query',NULL,'manager',NULL,NULL,NULL,NULL,NULL,0.0000,'GET',000,3,'/3/45/',000,001,'2017-12-30 14:58:48',NULL,NULL,'2018-03-20 16:36:17',1,'系统管理员'),
	(46,'返回本集团事业部管理列表','manager:project-dept.back.page-query-all-coms',NULL,'manager',NULL,NULL,NULL,NULL,NULL,0.0000,'GET',000,45,'/3/45/46/',000,001,'2017-12-30 16:06:01',NULL,NULL,'2018-03-20 16:36:17',1,'系统管理员'),
	(47,'添加事业部','manager:project-dept.back.add',NULL,'manager',NULL,NULL,NULL,NULL,NULL,0.0000,'POST',000,3,'/3/47/',000,001,'2017-12-13 15:23:16',NULL,NULL,'2018-03-20 16:36:17',1,'系统管理员'),
	(48,'多选删除事业部','manager:project-dept.back.delete-by-ids',NULL,'manager',NULL,NULL,NULL,NULL,NULL,0.0000,'DELETE',000,3,'/3/48/',000,001,'2017-12-13 15:23:16',NULL,NULL,'2018-03-20 16:36:17',1,'系统管理员'),
	(49,'修改事业部','manager:project-dept.back.modify',NULL,'manager',NULL,NULL,NULL,NULL,NULL,0.0000,'PUT',000,3,'/3/49/',000,001,'2017-12-13 15:23:16',NULL,NULL,'2018-03-20 16:36:17',1,'系统管理员'),
	(50,'移动事业部','manager:project-dept.back.move-to',NULL,'manager',NULL,NULL,NULL,NULL,NULL,0.0000,'PUT',000,3,'/3/50/',000,001,'2017-12-13 15:23:16',NULL,NULL,'2018-03-20 16:36:17',1,'系统管理员'),
	(51,'锁定事业部','manager:project-dept.back.lock',NULL,'manager',NULL,NULL,NULL,NULL,NULL,0.0000,'PUT',000,3,'/3/51/',000,001,'2017-12-13 15:23:16',NULL,NULL,'2018-03-20 16:36:17',1,'系统管理员'),
	(52,'解锁事业部','manager:project-dept.back.unlock',NULL,'manager',NULL,NULL,NULL,NULL,NULL,0.0000,'PUT',000,3,'/3/52/',000,001,'2017-12-13 15:23:16',NULL,NULL,'2018-03-20 16:36:17',1,'系统管理员'),
	(53,'删除本公司事业部','manager:project-dept.back.delete-self-com',NULL,'manager',NULL,NULL,NULL,NULL,NULL,0.0000,'DELETE',000,48,'/3/48/53/',000,001,'2017-12-31 15:55:17',NULL,NULL,'2018-03-20 16:36:17',1,'系统管理员'),
	(54,'删除本集团事业部','manager:project-dept.back.delete-self-group',NULL,'manager',NULL,NULL,NULL,NULL,NULL,0.0000,'DELETE',000,48,'/3/48/54/',000,001,'2017-12-31 15:55:17',NULL,NULL,'2018-03-20 16:36:17',1,'系统管理员'),
	(55,'删除任何集团事业部','manager:project-dept.back.delete-all-groups',NULL,'manager',NULL,NULL,NULL,NULL,NULL,0.0000,'DELETE',000,48,'/3/48/55/',000,001,'2017-12-31 15:55:17',NULL,NULL,'2018-03-20 16:36:17',1,'系统管理员'),
	(56,'添加本公司事业部','manager:project-dept.back.add-self-com',NULL,'manager',NULL,NULL,NULL,NULL,NULL,0.0000,'POST',000,47,'/3/47/56/',000,001,'2017-12-31 16:08:41',NULL,NULL,'2018-03-20 16:36:17',1,'系统管理员'),
	(57,'添加本集团事业部','manager:project-dept.back.add-self-group',NULL,'manager',NULL,NULL,NULL,NULL,NULL,0.0000,'POST',000,47,'/3/47/57/',000,001,'2017-12-31 16:08:41',NULL,NULL,'2018-03-20 16:36:17',1,'系统管理员'),
	(58,'添加任何集团事业部','manager:project-dept.back.add-all-groups',NULL,'manager',NULL,NULL,NULL,NULL,NULL,0.0000,'POST',000,47,'/3/47/58/',000,001,'2017-12-31 16:08:41',NULL,NULL,'2018-03-20 16:36:17',1,'系统管理员'),
	(59,'修改本公司事业部','manager:project-dept.back.modify-self-com',NULL,'manager',NULL,NULL,NULL,NULL,NULL,0.0000,'PUT',000,49,'/3/49/59/',000,001,'2017-12-31 16:37:15',NULL,NULL,'2018-03-20 16:36:17',1,'系统管理员'),
	(60,'修改本集团事业部','manager:project-dept.back.modify-self-group',NULL,'manager',NULL,NULL,NULL,NULL,NULL,0.0000,'PUT',000,49,'/3/49/60/',000,001,'2017-12-31 16:37:15',NULL,NULL,'2018-03-20 16:36:17',1,'系统管理员'),
	(61,'修改任何集团事业部','manager:project-dept.back.modify-all-groups',NULL,'manager',NULL,NULL,NULL,NULL,NULL,0.0000,'PUT',000,49,'/3/49/61/',000,001,'2017-12-31 16:37:15',NULL,NULL,'2018-03-20 16:36:17',1,'系统管理员'),
	(62,'控制面板','manager:dashboard',NULL,'manager','/dashboard','material-icons','dashboard',NULL,NULL,-1.0000,'GET',001,0,'/62/',000,000,'2018-02-03 09:26:38',NULL,NULL,NULL,NULL,NULL),
	(63,'添加权限项','manager:privilege.back.add',NULL,'manager','','','','','',0.0000,'POST',000,6,'/6/63/',000,000,'2017-12-13 15:23:16',NULL,'','2018-03-02 11:17:34',NULL,''),
	(64,'多选删除权限项','manager:privilege.back.delete-by-ids',NULL,'manager',NULL,NULL,NULL,NULL,NULL,0.0000,'DELETE',000,6,'/6/64/',000,000,'2018-03-02 11:18:39',NULL,NULL,NULL,NULL,NULL),
	(65,'修改权限项','manager:privilege.back.modify',NULL,'manager',NULL,NULL,NULL,NULL,NULL,0.0000,'PUT',000,6,'/6/65/',000,000,'2018-03-02 11:19:47',NULL,NULL,NULL,NULL,NULL),
	(66,'移动权限项','manager:privilege.back.move-to',NULL,'manager',NULL,NULL,NULL,NULL,NULL,0.0000,'PUT',000,6,'/6/66/',000,000,'2018-03-02 11:21:08',NULL,NULL,NULL,NULL,NULL),
	(67,'锁定权限项','manager:privilege.back.lock',NULL,'manager',NULL,NULL,NULL,NULL,NULL,0.0000,'PUT',000,6,'/6/67/',000,000,'2018-03-02 11:22:11',NULL,NULL,NULL,NULL,NULL),
	(68,'解锁权限项','manager:privilege.back.unlock',NULL,'manager',NULL,NULL,NULL,NULL,NULL,0.0000,'PUT',000,6,'/6/68/',000,000,'2018-03-02 11:23:04',NULL,NULL,NULL,NULL,NULL),
	(69,'返回权限项森林','manager:privilege.back.trees',NULL,'manager',NULL,NULL,NULL,NULL,NULL,0.0000,'GET',000,6,'/6/69/',000,000,'2018-03-02 11:27:21',NULL,NULL,NULL,NULL,NULL),
	(70,'管理人员身份','manager:job.back.manage-role-jobs.query',NULL,'manager','','','','','',0.0000,'GET',000,1,'/1/70/',000,000,'2018-03-03 15:48:09',1,'系统管理员',NULL,NULL,NULL),
	(71,'职位名称管理','manager:position.back.menu',NULL,'manager','/position-management','fa \r\nfa-id-card\r\nfa fa-id-card',NULL,NULL,NULL,0.5000,'GET',001,0,'/71/',000,000,'2018-03-06 16:49:50',NULL,NULL,NULL,NULL,NULL),
	(72,'返回职位管理列表','manager:position.back.page-query',NULL,'manager',NULL,NULL,NULL,NULL,NULL,0.0000,'GET',000,71,'/71/72/',000,000,'2018-03-06 17:23:35',NULL,NULL,NULL,NULL,NULL),
	(73,'返回所有职位（包括所有集团）','manager:position.back.page-query-all-groups',NULL,'manager',NULL,NULL,NULL,NULL,NULL,0.0000,'GET',000,71,'/71/73/',000,000,'2018-03-06 17:24:16',NULL,NULL,NULL,NULL,NULL),
	(74,'添加职位','manager:position.back.add',NULL,'manager','',NULL,NULL,NULL,NULL,0.0000,'POST',000,71,'/71/74/',000,000,'2018-03-06 17:25:38',NULL,NULL,NULL,NULL,NULL),
	(75,'修改职位','manager:position.back.modify',NULL,'manager',NULL,NULL,NULL,NULL,NULL,0.0000,'PUT',000,71,'/71/75/',000,000,'2018-03-06 17:28:35',NULL,NULL,NULL,NULL,NULL),
	(76,'删除职位','manager:position.back.delete-by-ids',NULL,'manager',NULL,NULL,NULL,NULL,NULL,0.0000,'DELETE',000,71,'/71/76/',000,000,'2018-03-06 17:29:21',NULL,NULL,NULL,NULL,NULL),
	(77,'锁定职位','manager:position.back.lock',NULL,'manager',NULL,NULL,NULL,NULL,NULL,0.0000,'PUT',000,71,'/71/77/',000,000,'2018-03-06 17:30:13',NULL,NULL,NULL,NULL,NULL),
	(78,'解锁职位','manager:position.back.unlock',NULL,'manager',NULL,NULL,NULL,NULL,NULL,0.0000,'PUT',000,71,'/71/78/',000,000,'2018-03-06 17:31:01',NULL,NULL,NULL,NULL,NULL),
	(79,'配置向导','manager:guide',NULL,'manager','/wizard','fa fa-address-card',NULL,NULL,NULL,22.0000,'GET',001,0,'/79/',000,000,'2018-03-07 15:27:42',NULL,NULL,NULL,NULL,NULL),
	(80,'帐号机构职位角色一览','manager:job.back.integration-browse',NULL,'manager','/integration-browse','fa fa-address-card',NULL,NULL,NULL,23.0000,'GET',001,0,'/80/',000,000,'2018-03-07 15:28:52',NULL,NULL,NULL,NULL,NULL),
	(81,'保存配置','manager:config.back.save',NULL,'manager',NULL,NULL,NULL,NULL,NULL,0.0000,'PUT',000,79,'/79/81/',000,000,'2018-03-10 10:37:38',NULL,NULL,NULL,NULL,NULL),
	(82,'返回本集团所有职位','manager:position.back.page-query-self-group',NULL,'manager',NULL,NULL,NULL,NULL,NULL,0.0000,'GET',000,71,'/71/82/',000,000,'2018-03-10 14:43:43',NULL,NULL,NULL,NULL,NULL),
	(83,'加载账号机构职位角色配置','manager:config.back.load',NULL,'manager',NULL,NULL,NULL,NULL,NULL,0.0000,'GET',000,79,'/79/83/',000,000,'2018-03-10 15:57:32',NULL,NULL,NULL,NULL,NULL),
	(84,'从指定角色中移除Job','manager:job.back.manage-role-jobs.delete',NULL,'manager',NULL,NULL,NULL,NULL,NULL,0.0000,'DELETE',000,70,'/5/70/84/',000,000,'2018-03-13 11:15:22',NULL,NULL,NULL,NULL,NULL),
	(85,'管理人员身份','manager:job.back.manage-position-jobs-roles.query',NULL,'manager',NULL,NULL,NULL,NULL,NULL,0.0000,'GET',000,71,'/71/85/',000,000,'2018-03-14 12:36:53',NULL,NULL,NULL,NULL,NULL),
	(86,'管理人员身份','manager:job.back.manage-user-jobs-roles.query',NULL,'manager',NULL,NULL,NULL,NULL,NULL,0.0000,'GET',000,4,'/4/86/',000,000,'2018-03-14 12:40:06',NULL,NULL,NULL,NULL,NULL),
	(87,'管理人员身份','manager:job.back.manage-org-jobs-roles.query',NULL,'manager',NULL,NULL,NULL,NULL,NULL,0.0000,'GET',000,2,'/2/87/',000,000,'2018-03-14 13:06:47',NULL,NULL,NULL,NULL,NULL),
	(88,'管理权限','manager:role.back.manage-privileges',NULL,'manager',NULL,NULL,NULL,NULL,NULL,0.0000,'GET',000,1,'/1/88/',000,000,'2018-03-20 15:33:14',NULL,NULL,NULL,NULL,NULL),
	(89,'配置权限','manager:privilege.back.save-role-privileges',NULL,'manager',NULL,NULL,NULL,NULL,NULL,0.0000,'PUT',000,88,'/1/88/89/',000,000,'2018-03-20 15:35:04',NULL,NULL,NULL,NULL,NULL),
	(90,'加载原始权限配置','manager:privilege.back.load-role-original-privileges',NULL,'manager',NULL,NULL,NULL,NULL,NULL,0.0000,'GET',000,88,'/1/88/90/',000,000,'2018-03-20 15:59:43',NULL,NULL,NULL,NULL,NULL),
	(91,'加载当前用户的所有权限','manager:privilege.back.load-current-user-job-privileges',NULL,'manager',NULL,NULL,NULL,NULL,NULL,0.0000,'GET',000,88,'/1/88/91/',000,000,'2018-03-20 17:02:04',NULL,NULL,NULL,NULL,NULL),
	(92,'cms管理','cms:node.back.menu','cms','business','/main/cms','fa fa-list','form',NULL,NULL,100.0000,'GET',001,0,'/92/',000,000,'2019-01-28 12:14:02',NULL,NULL,'2019-12-04 17:37:28',1,'系统管理员'),
	(93,'添加节点','cms:node.back.add',NULL,'business',NULL,NULL,NULL,NULL,NULL,0.0000,'POST',000,92,'/92/93/',000,000,'2019-01-28 20:22:55',NULL,NULL,NULL,NULL,NULL),
	(94,'修改节点','cms:node.back.modify',NULL,'business',NULL,NULL,NULL,NULL,NULL,0.0000,'PUT',000,92,'/92/94/',000,000,'2019-01-28 20:24:18',NULL,NULL,NULL,NULL,NULL),
	(95,'批量删除节点','cms:node.back.delete-by-ids',NULL,'business',NULL,NULL,NULL,NULL,NULL,0.0000,'DELETE',000,92,'/92/95/',000,000,'2019-01-28 20:30:16',NULL,NULL,NULL,NULL,NULL),
	(96,'移动节点','cms:node.back.move-to',NULL,'business',NULL,NULL,NULL,NULL,NULL,0.0000,'PUT',000,92,'/92/96/',000,000,'2019-01-28 20:32:30',NULL,NULL,NULL,NULL,NULL),
	(97,'返回节点树','cms:node.back.trees',NULL,'business',NULL,NULL,NULL,NULL,NULL,0.0000,'GET',000,92,'/92/97/',000,000,'2017-10-24 13:41:39',NULL,NULL,NULL,NULL,NULL),
	(98,'添加文章','cms:node.back.add-article',NULL,'business',NULL,NULL,NULL,NULL,NULL,0.0000,'POST',000,92,'/92/98/',000,000,'2019-01-28 20:59:36',NULL,NULL,NULL,NULL,NULL),
	(99,'修改文章','cms:node.back.modify-article',NULL,'business',NULL,NULL,NULL,NULL,NULL,0.0000,'PUT',000,92,'/92/99/',000,000,'2019-01-28 21:00:31',NULL,NULL,NULL,NULL,NULL),
	(100,'发布文章','cms:node.back.publish',NULL,'business',NULL,NULL,NULL,NULL,NULL,0.0000,'PUT',000,92,'/92/100/',000,000,'2019-01-29 09:19:50',NULL,NULL,NULL,NULL,NULL),
	(101,'下线文章','cms:node.back.offline',NULL,'business',NULL,NULL,NULL,NULL,NULL,0.0000,'PUT',000,92,'/92/101/',000,000,'2019-01-29 09:21:02',NULL,NULL,NULL,NULL,NULL),
	(35218177046609920,'前端接口','fore:main',NULL,'business','','','','FM','frontMain',-1.5000,'GET',000,0,'/35218177046609920/',000,000,'2018-04-10 08:48:55',33101303561322496,'公司管理员',NULL,NULL,NULL),
	(35218933621456896,'菜单用数据接口','manager:fore.menus',NULL,'business','','','','','',0.0000,'GET',000,35218177046609920,'/35218177046609920/35218933621456896/',000,000,'2018-04-10 08:54:56',33101303561322496,'公司管理员','2018-04-10 09:00:16',33101303561322496,'公司管理员'),
	(35219016979054592,'查询jobs接口','manager:fore.menus.query-jobs',NULL,'business','','','','','',0.0000,'GET',000,35218933621456896,'/35218177046609920/35218933621456896/35219016979054592/',000,000,'2018-04-10 08:55:35',33101303561322496,'公司管理员','2018-04-10 09:00:34',33101303561322496,'公司管理员'),
	(35219088680681472,'查询菜单代码接口','manager:fore.menus.query-menu-codes',NULL,'business','','','','','',0.0000,'GET',000,35218933621456896,'/35218177046609920/35218933621456896/35219088680681472/',000,000,'2018-04-10 08:56:10',33101303561322496,'公司管理员','2018-04-10 09:00:50',33101303561322496,'公司管理员'),
	(35219153436540928,'切换职务接口','manager:fore.menus.switch-job',NULL,'business','','','','','',0.0000,'GET',000,35218933621456896,'/35218177046609920/35218933621456896/35219153436540928/',000,000,'2018-04-10 08:56:41',33101303561322496,'公司管理员','2018-04-10 09:01:02',33101303561322496,'公司管理员'),
	(118965905148346368,'Up Task聊天功能','',NULL,'chat','','','','','',300.0000,'',000,0,'/118965905148346368/',000,000,'2019-07-16 13:36:04',1,'系统管理员','2019-07-16 13:36:54',1,'系统管理员'),
	(118966229128970240,'管理员添加好友','admin-to-add-my-friends',NULL,'chat','/message/fore/friend/add','','','添加好友','Admin Add Freind',NULL,'POST',000,118965905148346368,'/118965905148346368/118966229128970240/',000,000,'2019-07-16 13:38:38',1,'系统管理员',NULL,NULL,NULL);

/*!40000 ALTER TABLE `t_privilege` ENABLE KEYS */;
UNLOCK TABLES;


# Dump of table t_project_dept
# ------------------------------------------------------------

DROP TABLE IF EXISTS `t_project_dept`;

CREATE TABLE `t_project_dept` (
  `project_dept_id` bigint(20) NOT NULL,
  `project_dept_name` varchar(200) COLLATE utf8mb4_unicode_ci DEFAULT NULL,
  `project_dept_code` varchar(100) COLLATE utf8mb4_unicode_ci DEFAULT NULL,
  `com_id` bigint(20) DEFAULT NULL,
  `group_id` bigint(20) DEFAULT NULL,
  `office_location` varchar(500) COLLATE utf8mb4_unicode_ci DEFAULT NULL,
  `office_postcode` varchar(20) COLLATE utf8mb4_unicode_ci DEFAULT NULL,
  `office_tel` varchar(20) COLLATE utf8mb4_unicode_ci DEFAULT NULL,
  `office_fax` varchar(20) COLLATE utf8mb4_unicode_ci DEFAULT NULL,
  `office_contact` varchar(1000) COLLATE utf8mb4_unicode_ci DEFAULT NULL,
  `main_org_id` bigint(20) DEFAULT NULL,
  `main_org_name` varchar(500) COLLATE utf8mb4_unicode_ci DEFAULT NULL,
  `created_time` datetime DEFAULT current_timestamp(),
  `creater_id` bigint(20) DEFAULT NULL,
  `creater_name` varchar(40) COLLATE utf8mb4_unicode_ci DEFAULT NULL,
  `last_modified_time` datetime DEFAULT NULL,
  `last_modifier_id` bigint(20) DEFAULT NULL,
  `last_modifier_name` varchar(40) COLLATE utf8mb4_unicode_ci DEFAULT NULL,
  `is_deleted` tinyint(3) unsigned zerofill DEFAULT NULL,
  PRIMARY KEY (`project_dept_id`),
  UNIQUE KEY `project_dept_id` (`project_dept_id`)
) ENGINE=InnoDB DEFAULT CHARSET=utf8mb4 COLLATE=utf8mb4_unicode_ci;

LOCK TABLES `t_project_dept` WRITE;
/*!40000 ALTER TABLE `t_project_dept` DISABLE KEYS */;

INSERT INTO `t_project_dept` (`project_dept_id`, `project_dept_name`, `project_dept_code`, `com_id`, `group_id`, `office_location`, `office_postcode`, `office_tel`, `office_fax`, `office_contact`, `main_org_id`, `main_org_name`, `created_time`, `creater_id`, `creater_name`, `last_modified_time`, `last_modifier_id`, `last_modifier_name`, `is_deleted`)
VALUES
	(1,'公职事业部','PP.CAREER',1,1,NULL,NULL,NULL,NULL,NULL,NULL,NULL,'2017-10-09 17:06:32',NULL,NULL,NULL,NULL,NULL,000),
	(2,'医疗事业部','M.CAREER',1,1,NULL,NULL,NULL,NULL,NULL,NULL,NULL,'2017-11-04 11:29:14',NULL,NULL,NULL,NULL,NULL,000),
	(3,'项目部1','PRJ.DPT',8,1,NULL,NULL,NULL,NULL,NULL,NULL,NULL,'2017-11-04 11:30:25',NULL,NULL,NULL,NULL,NULL,000);

/*!40000 ALTER TABLE `t_project_dept` ENABLE KEYS */;
UNLOCK TABLES;


# Dump of table t_role
# ------------------------------------------------------------

DROP TABLE IF EXISTS `t_role`;

CREATE TABLE `t_role` (
  `role_id` bigint(20) NOT NULL AUTO_INCREMENT,
  `role_name` varchar(255) COLLATE utf8mb4_unicode_ci NOT NULL,
  `role_code` varchar(255) COLLATE utf8mb4_unicode_ci NOT NULL,
  `is_locked` tinyint(3) unsigned zerofill DEFAULT 000,
  `is_deleted` tinyint(3) unsigned zerofill DEFAULT 000,
  `created_time` datetime DEFAULT current_timestamp(),
  `creater_id` bigint(20) DEFAULT NULL,
  `creater_name` varchar(40) COLLATE utf8mb4_unicode_ci DEFAULT NULL,
  `last_modified_time` datetime DEFAULT NULL,
  `last_modifier_id` bigint(20) DEFAULT NULL,
  `last_modifier_name` varchar(40) COLLATE utf8mb4_unicode_ci DEFAULT NULL,
  `parent_id` bigint(20) DEFAULT NULL,
  `id_path` varchar(1024) COLLATE utf8mb4_unicode_ci DEFAULT NULL,
  `group_id` bigint(20) DEFAULT NULL,
  PRIMARY KEY (`role_id`),
  KEY `role_parent_id` (`parent_id`) USING BTREE,
  KEY `role_name` (`role_name`) USING BTREE,
  KEY `role_code` (`role_code`) USING BTREE
) ENGINE=InnoDB DEFAULT CHARSET=utf8mb4 COLLATE=utf8mb4_unicode_ci;

LOCK TABLES `t_role` WRITE;
/*!40000 ALTER TABLE `t_role` DISABLE KEYS */;

INSERT INTO `t_role` (`role_id`, `role_name`, `role_code`, `is_locked`, `is_deleted`, `created_time`, `creater_id`, `creater_name`, `last_modified_time`, `last_modifier_id`, `last_modifier_name`, `parent_id`, `id_path`, `group_id`)
VALUES
	(0,'根角色','SYS.ROOT',000,000,'2017-10-01 19:56:29',NULL,NULL,NULL,NULL,NULL,NULL,'/',0),
	(1,'公司管理员','COM.MGR',000,000,'2017-10-09 17:01:26',NULL,NULL,NULL,NULL,NULL,0,'/1/',0),
	(2,'某某教育公司系统管理员','XX.SYS.MGR',000,001,'2017-10-18 16:04:57',NULL,NULL,'2019-02-02 11:29:34',33101303561322496,'公司管理员',1,'/1/2/',1),
	(3,'财务副总裁','CFO',000,001,'2017-10-26 21:36:10',NULL,NULL,'2019-02-02 11:29:34',33101303561322496,'公司管理员',2,'/1/2/3/',1),
	(4,'财务总经理','F.MGR',000,001,'2017-10-26 21:36:10',NULL,NULL,'2019-02-02 11:29:34',33101303561322496,'公司管理员',3,'/1/2/3/4/',1),
	(5,'财务部门经理','F.DEPT.MGR',000,001,'2017-10-26 21:36:10',NULL,NULL,'2019-02-02 11:29:34',33101303561322496,'公司管理员',4,'/1/2/3/4/5/',1),
	(6,'财务部门副经理','F.DEPT.DMGR',000,001,'2017-10-26 21:36:10',NULL,NULL,'2019-02-02 11:29:34',33101303561322496,'公司管理员',5,'/1/2/3/4/5/6/',1),
	(7,'财务普通员工','F.DEPT.EMP',000,001,'2017-10-26 21:36:10',NULL,NULL,'2019-02-02 11:29:34',33101303561322496,'公司管理员',6,'/1/2/3/4/5/6/7/',1),
	(8,'业务副总裁','CBO',000,001,'2017-10-26 21:36:10',NULL,NULL,'2019-02-02 11:29:34',33101303561322496,'公司管理员',2,'/1/2/8/',1),
	(9,'业务总经理','B.MGR',000,001,'2017-10-26 21:36:10',NULL,NULL,'2019-02-02 11:29:34',33101303561322496,'公司管理员',8,'/1/2/8/9/',1),
	(10,'业务部门经理','B.DEPT.MGR',000,001,'2017-10-26 21:36:10',NULL,NULL,'2019-02-02 11:29:34',33101303561322496,'公司管理员',9,'/1/2/8/9/10/',1),
	(11,'业务部门副经理','B.DEPT.DMGR',000,001,'2017-10-26 21:36:10',NULL,NULL,'2019-02-02 11:29:34',33101303561322496,'公司管理员',10,'/1/2/8/9/10/11/',1),
	(12,'业务普通员工','B.DEPT.EMP',000,001,'2017-10-26 21:36:10',NULL,NULL,'2019-02-02 11:29:34',33101303561322496,'公司管理员',11,'/1/2/8/9/10/11/12/',1),
	(12965557410201600,'员工角色','EMP',000,001,'2017-12-08 13:20:59',NULL,NULL,'2019-02-02 11:29:34',33101303561322496,'公司管理员',7,'/1/2/3/4/5/6/7/12965557410201600/',1),
	(12967010325495808,'aaaaa','bbbbbaaaa',000,001,'2017-12-08 13:32:32',1,'系统管理员','2019-02-02 11:29:34',33101303561322496,'公司管理员',7,'/1/2/3/4/5/6/7/12967010325495808/',1),
	(13889963376508928,'TTTTTTEST','TTTTEST',000,001,'2017-12-13 15:47:30',1,'系统管理员','2019-02-02 11:29:34',33101303561322496,'公司管理员',12,'/1/2/8/9/10/11/12/13889963376508928/',1),
	(70573645136658432,'磁云科技管理员','ICIYUN.SYS.MGR',000,001,'2018-10-22 11:48:56',1,'系统管理员','2018-10-22 11:49:31',1,'系统管理员',1,'/1/70573645136658432/',0),
	(70618387750846464,'某某公司管理员','XXCOM.SYS.MGR',000,000,'2018-10-22 17:44:31',1,'系统管理员','2019-02-02 11:09:31',1,'系统管理员',1,'/1/70618387750846464/',0),
	(70619688561803264,'开发人员','DEV',000,001,'2018-10-22 17:54:51',70574366592598016,'磁云管理员','2019-02-02 11:06:05',1,'系统管理员',70618387750846464,'/1/70618387750846464/70619688561803264/',0),
	(70621804248432640,'维护人员','OPER',000,001,'2018-10-22 18:11:40',70574366592598016,'磁云管理员','2019-02-02 11:39:37',70574366592598016,'某某集团管理员',70618387750846464,'/1/70618387750846464/70621804248432640/',0),
	(70622506022600704,'使用人员','USER',000,001,'2018-10-22 18:17:15',70574366592598016,'磁云管理员','2019-02-02 11:40:21',70574366592598016,'某某集团管理员',70618387750846464,'/1/70618387750846464/70622506022600704/',70572776842330112),
	(89231260404154368,'开发人员','DEV',000,001,'2019-02-02 11:06:20',1,'系统管理员','2019-02-02 11:40:21',70574366592598016,'某某集团管理员',70618387750846464,'/1/70618387750846464/89231260404154368/',70572776842330112),
	(89231316184203264,'维护人员','MT',000,001,'2019-02-02 11:06:47',1,'系统管理员','2019-02-02 11:40:21',70574366592598016,'某某集团管理员',70618387750846464,'/1/70618387750846464/89231316184203264/',70572776842330112),
	(89234154895441920,'xxx','xxx',000,001,'2019-02-02 11:29:20',33101303561322496,'公司管理员','2019-02-02 11:29:26',33101303561322496,'公司管理员',1,'/1/89234154895441920/',0),
	(89235463142899712,'开发人员','DEV',000,000,'2019-02-02 11:39:44',70574366592598016,'某某集团管理员','2019-02-02 11:40:37',70574366592598016,'某某集团管理员',70618387750846464,'/1/70618387750846464/89235463142899712/',89232224005652480),
	(89235598713290752,'运维人员','MT',000,000,'2019-02-02 11:40:49',70574366592598016,'某某集团管理员',NULL,NULL,NULL,70618387750846464,'/1/70618387750846464/89235598713290752/',89232224005652480),
	(89236018382766080,'某某教育公司管理员','EDUADMIN',000,000,'2019-02-02 11:44:09',33101303561322496,'公司管理员',NULL,NULL,NULL,1,'/1/89236018382766080/',0);

/*!40000 ALTER TABLE `t_role` ENABLE KEYS */;
UNLOCK TABLES;


# Dump of table t_role_privilege
# ------------------------------------------------------------

DROP TABLE IF EXISTS `t_role_privilege`;

CREATE TABLE `t_role_privilege` (
  `id` bigint(20) NOT NULL AUTO_INCREMENT,
  `role_id` bigint(20) DEFAULT NULL,
  `privilege_id` bigint(20) DEFAULT NULL,
  `is_deleted` tinyint(3) unsigned zerofill DEFAULT NULL,
  `created_time` datetime DEFAULT current_timestamp(),
  `creater_id` bigint(20) DEFAULT NULL,
  `creater_name` varchar(40) COLLATE utf8mb4_unicode_ci DEFAULT NULL,
  `last_modified_time` datetime DEFAULT NULL,
  `last_modifier_id` bigint(20) DEFAULT NULL,
  `last_modifier_name` varchar(40) COLLATE utf8mb4_unicode_ci DEFAULT NULL,
  PRIMARY KEY (`id`),
  UNIQUE KEY `id` (`id`)
) ENGINE=InnoDB DEFAULT CHARSET=utf8mb4 COLLATE=utf8mb4_unicode_ci;

LOCK TABLES `t_role_privilege` WRITE;
/*!40000 ALTER TABLE `t_role_privilege` DISABLE KEYS */;

INSERT INTO `t_role_privilege` (`id`, `role_id`, `privilege_id`, `is_deleted`, `created_time`, `creater_id`, `creater_name`, `last_modified_time`, `last_modifier_id`, `last_modifier_name`)
VALUES
	(1,0,1,000,'2017-10-09 17:01:39',NULL,NULL,'2018-03-20 21:01:26',1,'系统管理员'),
	(2,0,2,000,'2017-10-09 17:01:46',NULL,NULL,'2018-03-20 21:01:26',1,'系统管理员'),
	(3,0,3,000,'2017-10-09 17:01:53',NULL,NULL,'2018-03-20 21:01:26',1,'系统管理员'),
	(4,0,4,000,'2017-10-09 17:01:55',NULL,NULL,'2018-03-20 21:01:26',1,'系统管理员'),
	(5,0,5,000,'2017-10-09 17:02:07',NULL,NULL,'2018-03-20 21:01:26',1,'系统管理员'),
	(6,0,6,000,'2017-10-09 17:02:15',NULL,NULL,'2018-03-20 21:01:26',1,'系统管理员'),
	(7,0,7,000,'2017-10-18 16:05:08',NULL,NULL,NULL,NULL,NULL),
	(8,0,8,000,'2017-10-21 13:22:44',NULL,NULL,'2018-03-20 21:01:26',1,'系统管理员'),
	(9,0,9,000,'2017-10-21 13:22:51',NULL,NULL,'2018-03-20 21:01:26',1,'系统管理员'),
	(10,0,10,000,'2017-10-22 09:37:16',NULL,NULL,'2018-03-20 21:01:26',1,'系统管理员'),
	(11,0,11,000,'2017-10-22 09:37:16',NULL,NULL,'2018-03-20 21:01:26',1,'系统管理员'),
	(12,0,12,000,'2017-10-22 20:42:44',NULL,NULL,'2018-03-20 21:01:26',1,'系统管理员'),
	(13,0,13,000,'2017-10-22 20:42:44',NULL,NULL,'2018-03-20 21:01:26',1,'系统管理员'),
	(14,0,14,000,'2017-10-23 21:03:54',NULL,NULL,'2018-03-20 21:01:26',1,'系统管理员'),
	(15,0,15,000,'2017-10-24 13:43:29',NULL,NULL,'2018-03-20 21:01:26',1,'系统管理员'),
	(16,0,16,000,'2017-11-04 14:52:58',NULL,NULL,'2018-03-20 21:01:26',1,'系统管理员'),
	(17,0,17,000,'2017-11-04 12:29:14',NULL,NULL,'2018-03-20 21:01:26',1,'系统管理员'),
	(18,0,18,000,'2017-11-04 12:29:14',NULL,NULL,'2018-03-20 21:01:26',1,'系统管理员'),
	(19,0,19,000,'2017-11-04 16:06:57',NULL,NULL,NULL,NULL,NULL),
	(20,0,20,000,'2017-11-04 16:06:57',NULL,NULL,NULL,NULL,NULL),
	(21,0,21,000,'2017-11-04 16:06:57',NULL,NULL,NULL,NULL,NULL),
	(22,0,22,000,'2017-11-04 16:08:35',NULL,NULL,NULL,NULL,NULL),
	(23,0,23,000,'2017-11-04 16:08:35',NULL,NULL,NULL,NULL,NULL),
	(24,0,24,000,'2017-11-04 20:13:12',NULL,NULL,NULL,NULL,NULL),
	(25,0,25,000,'2017-11-05 17:21:40',NULL,NULL,'2018-03-20 21:01:26',1,'系统管理员'),
	(26,0,26,000,'2017-11-05 19:32:21',NULL,NULL,NULL,NULL,NULL),
	(27,0,27,000,'2017-11-05 19:32:21',NULL,NULL,NULL,NULL,NULL),
	(28,0,28,000,'2017-11-05 19:32:21',NULL,NULL,NULL,NULL,NULL),
	(29,0,29,000,'2017-11-05 19:32:21',NULL,NULL,NULL,NULL,NULL),
	(30,0,30,000,'2017-11-05 19:32:21',NULL,NULL,NULL,NULL,NULL),
	(31,0,31,000,'2017-11-05 19:32:21',NULL,NULL,NULL,NULL,NULL),
	(32,0,32,000,'2017-11-05 19:32:21',NULL,NULL,NULL,NULL,NULL),
	(33,0,33,000,'2017-11-05 19:32:21',NULL,NULL,NULL,NULL,NULL),
	(34,0,34,000,'2017-11-05 19:32:21',NULL,NULL,NULL,NULL,NULL),
	(35,0,35,000,'2017-11-05 19:32:21',NULL,NULL,NULL,NULL,NULL),
	(36,0,36,000,'2017-11-05 19:32:21',NULL,NULL,NULL,NULL,NULL),
	(37,0,37,000,'2017-11-05 19:32:21',NULL,NULL,NULL,NULL,NULL),
	(38,0,38,000,'2017-11-05 19:32:21',NULL,NULL,NULL,NULL,NULL),
	(39,0,39,000,'2017-11-05 19:32:21',NULL,NULL,NULL,NULL,NULL),
	(40,0,40,000,'2017-11-05 19:32:21',NULL,NULL,NULL,NULL,NULL),
	(41,0,41,000,'2017-11-05 19:32:21',NULL,NULL,NULL,NULL,NULL),
	(42,0,42,000,'2017-11-05 19:32:21',NULL,NULL,NULL,NULL,NULL),
	(43,0,43,000,'2017-11-05 19:32:21',NULL,NULL,NULL,NULL,NULL),
	(44,0,44,000,'2017-11-05 19:32:21',NULL,NULL,NULL,NULL,NULL),
	(45,0,45,000,'2017-11-05 19:32:21',NULL,NULL,NULL,NULL,NULL),
	(46,0,46,000,'2017-11-05 22:35:52',NULL,NULL,NULL,NULL,NULL),
	(47,0,47,000,'2017-11-05 22:35:52',NULL,NULL,NULL,NULL,NULL),
	(48,0,48,000,'2017-11-05 22:35:52',NULL,NULL,NULL,NULL,NULL),
	(49,0,49,000,'2017-11-06 08:48:20',NULL,NULL,'2018-03-20 21:01:26',1,'系统管理员'),
	(50,0,50,000,'2017-11-06 08:49:01',NULL,NULL,'2018-03-20 21:01:26',1,'系统管理员'),
	(51,0,51,000,'2017-11-23 12:27:32',NULL,NULL,'2018-03-20 21:01:26',1,'系统管理员'),
	(52,0,52,000,'2017-11-23 16:45:33',NULL,NULL,'2018-03-20 21:01:26',1,'系统管理员'),
	(53,0,53,000,'2017-11-25 11:07:50',NULL,NULL,'2018-03-20 21:01:26',1,'系统管理员'),
	(54,0,54,000,'2017-11-28 10:38:43',NULL,NULL,'2018-03-20 21:01:26',1,'系统管理员'),
	(55,0,55,000,'2017-12-02 15:45:00',NULL,NULL,'2018-03-20 21:01:26',1,'系统管理员'),
	(56,0,56,000,'2017-12-02 18:08:01',NULL,NULL,NULL,NULL,NULL),
	(57,0,57,000,'2017-12-07 11:32:38',NULL,NULL,NULL,NULL,NULL),
	(58,0,58,000,'2017-12-07 11:32:42',NULL,NULL,NULL,NULL,NULL),
	(59,0,59,000,'2017-12-07 11:32:46',NULL,NULL,NULL,NULL,NULL),
	(60,0,60,000,'2017-12-07 11:32:49',NULL,NULL,NULL,NULL,NULL),
	(61,0,61,000,'2017-12-07 11:32:51',NULL,NULL,NULL,NULL,NULL),
	(62,0,62,000,'2017-12-07 11:32:53',NULL,NULL,NULL,NULL,NULL),
	(63,0,63,000,'2017-12-07 11:32:56',NULL,NULL,NULL,NULL,NULL),
	(64,0,64,000,'2017-12-07 11:32:58',NULL,NULL,NULL,NULL,NULL),
	(65,0,65,000,'2017-12-07 11:33:00',NULL,NULL,NULL,NULL,NULL),
	(66,0,66,000,'2017-12-07 11:33:21',NULL,NULL,NULL,NULL,NULL),
	(67,0,67,000,'2017-12-07 11:33:22',NULL,NULL,NULL,NULL,NULL),
	(68,0,68,000,'2017-12-07 11:33:24',NULL,NULL,NULL,NULL,NULL),
	(69,0,69,000,'2017-12-07 11:33:26',NULL,NULL,NULL,NULL,NULL),
	(70,0,70,000,'2017-12-07 11:33:27',NULL,NULL,NULL,NULL,NULL),
	(71,0,71,000,'2017-12-07 11:33:29',NULL,NULL,NULL,NULL,NULL),
	(72,0,72,000,'2017-12-07 11:33:31',NULL,NULL,NULL,NULL,NULL),
	(73,0,73,000,'2017-12-07 11:33:34',NULL,NULL,NULL,NULL,NULL),
	(74,0,74,000,'2017-12-07 11:33:37',NULL,NULL,NULL,NULL,NULL),
	(75,0,75,000,'2017-12-07 11:33:39',NULL,NULL,NULL,NULL,NULL),
	(76,0,76,000,'2017-12-07 11:33:41',NULL,NULL,NULL,NULL,NULL),
	(77,0,77,000,'2017-12-07 11:33:43',NULL,NULL,NULL,NULL,NULL),
	(78,0,78,000,'2017-12-07 11:33:45',NULL,NULL,NULL,NULL,NULL),
	(79,0,79,000,'2017-12-07 11:33:48',NULL,NULL,NULL,NULL,NULL),
	(80,0,80,000,'2017-12-07 11:33:50',NULL,NULL,NULL,NULL,NULL),
	(81,0,81,000,'2017-12-07 11:33:56',NULL,NULL,NULL,NULL,NULL),
	(82,0,82,000,'2017-12-07 11:34:46',NULL,NULL,NULL,NULL,NULL),
	(83,0,83,000,'2017-12-07 11:34:49',NULL,NULL,NULL,NULL,NULL),
	(84,0,84,000,'2017-12-08 08:33:37',NULL,NULL,NULL,NULL,NULL),
	(85,0,85,000,'2017-12-08 08:33:46',NULL,NULL,NULL,NULL,NULL),
	(86,0,86,000,'2017-12-08 08:33:56',NULL,NULL,NULL,NULL,NULL),
	(87,0,87,000,'2017-12-08 11:54:29',NULL,NULL,NULL,NULL,NULL),
	(88,0,88,000,'2017-12-08 11:54:37',NULL,NULL,NULL,NULL,NULL),
	(89,0,89,000,'2017-12-08 11:54:44',NULL,NULL,NULL,NULL,NULL),
	(90,0,90,000,'2017-12-10 14:17:11',NULL,NULL,NULL,NULL,NULL),
	(91,0,91,000,'2017-12-10 14:17:11',NULL,NULL,NULL,NULL,NULL),
	(92,0,92,000,'2019-01-28 12:22:24',NULL,NULL,NULL,NULL,NULL),
	(93,0,93,000,'2019-01-28 20:56:13',NULL,NULL,NULL,NULL,NULL),
	(94,0,94,000,'2019-01-28 20:56:23',NULL,NULL,NULL,NULL,NULL),
	(95,0,95,000,'2019-01-28 20:56:32',NULL,NULL,NULL,NULL,NULL),
	(96,0,96,000,'2019-01-28 20:56:40',NULL,NULL,NULL,NULL,NULL),
	(97,0,97,000,'2019-01-28 20:56:54',NULL,NULL,NULL,NULL,NULL),
	(98,0,98,000,'2019-01-28 21:04:09',NULL,NULL,NULL,NULL,NULL),
	(99,0,99,000,'2019-01-28 21:04:19',NULL,NULL,NULL,NULL,NULL),
	(100,0,100,000,'2019-01-29 09:21:51',NULL,NULL,NULL,NULL,NULL),
	(101,0,101,000,'2019-01-29 09:22:03',NULL,NULL,NULL,NULL,NULL),
	(33101801465053184,2,7,001,'2018-03-29 16:29:28',1,'系统管理员','2018-03-29 16:59:52',1,'系统管理员'),
	(33101801473441792,2,8,001,'2018-03-29 16:29:28',1,'系统管理员','2018-03-29 16:59:52',1,'系统管理员'),
	(33101801479733248,2,9,001,'2018-03-29 16:29:28',1,'系统管理员','2018-03-29 16:59:52',1,'系统管理员'),
	(33101801486024704,2,10,001,'2018-03-29 16:29:28',1,'系统管理员','2018-03-29 16:59:52',1,'系统管理员'),
	(33101801492316160,2,62,001,'2018-03-29 16:29:28',1,'系统管理员','2018-03-29 16:59:52',1,'系统管理员'),
	(33101801498607616,2,4,001,'2018-03-29 16:29:28',1,'系统管理员','2018-03-29 16:59:52',1,'系统管理员'),
	(33101801504899072,2,28,001,'2018-03-29 16:29:28',1,'系统管理员','2018-03-29 16:59:52',1,'系统管理员'),
	(33101801511190528,2,30,001,'2018-03-29 16:29:28',1,'系统管理员','2018-03-29 16:59:52',1,'系统管理员'),
	(33101801517481984,2,31,001,'2018-03-29 16:29:28',1,'系统管理员','2018-03-29 16:59:52',1,'系统管理员'),
	(33101801523773440,2,32,001,'2018-03-29 16:29:28',1,'系统管理员','2018-03-29 16:59:52',1,'系统管理员'),
	(33101801530064896,2,33,001,'2018-03-29 16:29:28',1,'系统管理员','2018-03-29 16:59:52',1,'系统管理员'),
	(33101801536356352,2,34,001,'2018-03-29 16:29:28',1,'系统管理员','2018-03-29 16:59:52',1,'系统管理员'),
	(33101801540550656,2,43,001,'2018-03-29 16:29:28',1,'系统管理员','2018-03-29 16:59:52',1,'系统管理员'),
	(33101801544744960,2,86,001,'2018-03-29 16:29:28',1,'系统管理员','2018-03-29 16:59:52',1,'系统管理员'),
	(33101801546842112,2,71,001,'2018-03-29 16:29:28',1,'系统管理员','2018-03-29 16:59:52',1,'系统管理员'),
	(33101801551036416,2,72,001,'2018-03-29 16:29:28',1,'系统管理员','2018-03-29 16:59:52',1,'系统管理员'),
	(33101801555230720,2,74,001,'2018-03-29 16:29:28',1,'系统管理员','2018-03-29 16:59:52',1,'系统管理员'),
	(33101801559425024,2,75,001,'2018-03-29 16:29:28',1,'系统管理员','2018-03-29 16:59:52',1,'系统管理员'),
	(33101801561522176,2,76,001,'2018-03-29 16:29:28',1,'系统管理员','2018-03-29 16:59:52',1,'系统管理员'),
	(33101801563619328,2,77,001,'2018-03-29 16:29:28',1,'系统管理员','2018-03-29 16:59:52',1,'系统管理员'),
	(33101801565716480,2,78,001,'2018-03-29 16:29:28',1,'系统管理员','2018-03-29 16:59:52',1,'系统管理员'),
	(33101801569910784,2,82,001,'2018-03-29 16:29:28',1,'系统管理员','2018-03-29 16:59:52',1,'系统管理员'),
	(33101801572007936,2,85,001,'2018-03-29 16:29:28',1,'系统管理员','2018-03-29 16:59:52',1,'系统管理员'),
	(33101801574105088,2,1,001,'2018-03-29 16:29:28',1,'系统管理员','2018-03-29 16:59:52',1,'系统管理员'),
	(33101801576202240,2,24,001,'2018-03-29 16:29:28',1,'系统管理员','2018-03-29 16:59:52',1,'系统管理员'),
	(33101801578299392,2,25,001,'2018-03-29 16:29:28',1,'系统管理员','2018-03-29 16:59:52',1,'系统管理员'),
	(33101801582493696,2,26,001,'2018-03-29 16:29:28',1,'系统管理员','2018-03-29 16:59:52',1,'系统管理员'),
	(33101801586688000,2,27,001,'2018-03-29 16:29:29',1,'系统管理员','2018-03-29 16:59:52',1,'系统管理员'),
	(33101801590882304,2,35,001,'2018-03-29 16:29:29',1,'系统管理员','2018-03-29 16:59:52',1,'系统管理员'),
	(33101801592979456,2,36,001,'2018-03-29 16:29:29',1,'系统管理员','2018-03-29 16:59:52',1,'系统管理员'),
	(33101801595076608,2,88,001,'2018-03-29 16:29:29',1,'系统管理员','2018-03-29 16:59:52',1,'系统管理员'),
	(33101801597173760,2,89,001,'2018-03-29 16:29:29',1,'系统管理员','2018-03-29 16:59:52',1,'系统管理员'),
	(33101801599270912,2,90,001,'2018-03-29 16:29:29',1,'系统管理员','2018-03-29 16:59:52',1,'系统管理员'),
	(33101801601368064,2,91,001,'2018-03-29 16:29:29',1,'系统管理员','2018-03-29 16:59:52',1,'系统管理员'),
	(33101801603465216,2,2,001,'2018-03-29 16:29:29',1,'系统管理员','2018-03-29 16:59:52',1,'系统管理员'),
	(33101801605562368,2,14,001,'2018-03-29 16:29:29',1,'系统管理员','2018-03-29 16:59:52',1,'系统管理员'),
	(33101801607659520,2,37,001,'2018-03-29 16:29:29',1,'系统管理员','2018-03-29 16:59:52',1,'系统管理员'),
	(33101801609756672,2,38,001,'2018-03-29 16:29:29',1,'系统管理员','2018-03-29 16:59:52',1,'系统管理员'),
	(33101801613950976,2,39,001,'2018-03-29 16:29:29',1,'系统管理员','2018-03-29 16:59:52',1,'系统管理员'),
	(33101801618145280,2,40,001,'2018-03-29 16:29:29',1,'系统管理员','2018-03-29 16:59:52',1,'系统管理员'),
	(33101801620242432,2,41,001,'2018-03-29 16:29:29',1,'系统管理员','2018-03-29 16:59:52',1,'系统管理员'),
	(33101801624436736,2,42,001,'2018-03-29 16:29:29',1,'系统管理员','2018-03-29 16:59:52',1,'系统管理员'),
	(33101801628631040,2,87,001,'2018-03-29 16:29:29',1,'系统管理员','2018-03-29 16:59:52',1,'系统管理员'),
	(33101801630728192,2,20,001,'2018-03-29 16:29:29',1,'系统管理员','2018-03-29 16:59:52',1,'系统管理员'),
	(33101801632825344,2,79,001,'2018-03-29 16:29:29',1,'系统管理员','2018-03-29 16:59:52',1,'系统管理员'),
	(33101801634922496,2,81,001,'2018-03-29 16:29:29',1,'系统管理员','2018-03-29 16:59:52',1,'系统管理员'),
	(33101801639116800,2,83,001,'2018-03-29 16:29:29',1,'系统管理员','2018-03-29 16:59:52',1,'系统管理员'),
	(33101801643311104,2,80,001,'2018-03-29 16:29:29',1,'系统管理员','2018-03-29 16:59:52',1,'系统管理员'),
	(33105625539936256,2,7,000,'2018-03-29 16:59:52',1,'系统管理员',NULL,NULL,NULL),
	(33105625546227712,2,8,000,'2018-03-29 16:59:52',1,'系统管理员',NULL,NULL,NULL),
	(33105625550422016,2,9,000,'2018-03-29 16:59:52',1,'系统管理员',NULL,NULL,NULL),
	(33105625556713472,2,10,000,'2018-03-29 16:59:52',1,'系统管理员',NULL,NULL,NULL),
	(33105625560907776,2,62,000,'2018-03-29 16:59:52',1,'系统管理员',NULL,NULL,NULL),
	(33105625565102080,2,4,000,'2018-03-29 16:59:52',1,'系统管理员',NULL,NULL,NULL),
	(33105625571393536,2,28,000,'2018-03-29 16:59:52',1,'系统管理员',NULL,NULL,NULL),
	(33105625575587840,2,29,000,'2018-03-29 16:59:52',1,'系统管理员',NULL,NULL,NULL),
	(33105625581879296,2,30,000,'2018-03-29 16:59:52',1,'系统管理员',NULL,NULL,NULL),
	(33105625586073600,2,31,000,'2018-03-29 16:59:52',1,'系统管理员',NULL,NULL,NULL),
	(33105625596559360,2,32,000,'2018-03-29 16:59:52',1,'系统管理员',NULL,NULL,NULL),
	(33105625602850816,2,33,000,'2018-03-29 16:59:52',1,'系统管理员',NULL,NULL,NULL),
	(33105625604947968,2,34,000,'2018-03-29 16:59:52',1,'系统管理员',NULL,NULL,NULL),
	(33105625609142272,2,43,000,'2018-03-29 16:59:52',1,'系统管理员',NULL,NULL,NULL),
	(33105625611239424,2,86,000,'2018-03-29 16:59:52',1,'系统管理员',NULL,NULL,NULL),
	(33105625615433728,2,71,000,'2018-03-29 16:59:52',1,'系统管理员',NULL,NULL,NULL),
	(33105625617530880,2,72,000,'2018-03-29 16:59:52',1,'系统管理员',NULL,NULL,NULL),
	(33105625621725184,2,73,000,'2018-03-29 16:59:52',1,'系统管理员',NULL,NULL,NULL),
	(33105625625919488,2,74,000,'2018-03-29 16:59:52',1,'系统管理员',NULL,NULL,NULL),
	(33105625628016640,2,75,000,'2018-03-29 16:59:52',1,'系统管理员',NULL,NULL,NULL),
	(33105625632210944,2,76,000,'2018-03-29 16:59:52',1,'系统管理员',NULL,NULL,NULL),
	(33105625636405248,2,77,000,'2018-03-29 16:59:52',1,'系统管理员',NULL,NULL,NULL),
	(33105625640599552,2,78,000,'2018-03-29 16:59:52',1,'系统管理员',NULL,NULL,NULL),
	(33105625644793856,2,82,000,'2018-03-29 16:59:52',1,'系统管理员',NULL,NULL,NULL),
	(33105625648988160,2,85,000,'2018-03-29 16:59:52',1,'系统管理员',NULL,NULL,NULL),
	(33105625653182464,2,1,000,'2018-03-29 16:59:52',1,'系统管理员',NULL,NULL,NULL),
	(33105625655279616,2,11,000,'2018-03-29 16:59:52',1,'系统管理员',NULL,NULL,NULL),
	(33105625676251136,2,24,000,'2018-03-29 16:59:52',1,'系统管理员',NULL,NULL,NULL),
	(33105625680445440,2,25,000,'2018-03-29 16:59:52',1,'系统管理员',NULL,NULL,NULL),
	(33105625682542592,2,26,000,'2018-03-29 16:59:52',1,'系统管理员',NULL,NULL,NULL),
	(33105625686736896,2,27,000,'2018-03-29 16:59:52',1,'系统管理员',NULL,NULL,NULL),
	(33105625688834048,2,35,000,'2018-03-29 16:59:52',1,'系统管理员',NULL,NULL,NULL),
	(33105625690931200,2,36,000,'2018-03-29 16:59:52',1,'系统管理员',NULL,NULL,NULL),
	(33105625695125504,2,88,000,'2018-03-29 16:59:52',1,'系统管理员',NULL,NULL,NULL),
	(33105625697222656,2,89,000,'2018-03-29 16:59:52',1,'系统管理员',NULL,NULL,NULL),
	(33105625701416960,2,90,000,'2018-03-29 16:59:52',1,'系统管理员',NULL,NULL,NULL),
	(33105625705611264,2,91,000,'2018-03-29 16:59:52',1,'系统管理员',NULL,NULL,NULL),
	(33105625709805568,2,2,000,'2018-03-29 16:59:52',1,'系统管理员',NULL,NULL,NULL),
	(33105625713999872,2,14,000,'2018-03-29 16:59:52',1,'系统管理员',NULL,NULL,NULL),
	(33105625718194176,2,37,000,'2018-03-29 16:59:52',1,'系统管理员',NULL,NULL,NULL),
	(33105625720291328,2,38,000,'2018-03-29 16:59:52',1,'系统管理员',NULL,NULL,NULL),
	(33105625724485632,2,39,000,'2018-03-29 16:59:52',1,'系统管理员',NULL,NULL,NULL),
	(33105625728679936,2,40,000,'2018-03-29 16:59:52',1,'系统管理员',NULL,NULL,NULL),
	(33105625732874240,2,41,000,'2018-03-29 16:59:52',1,'系统管理员',NULL,NULL,NULL),
	(33105625737068544,2,42,000,'2018-03-29 16:59:52',1,'系统管理员',NULL,NULL,NULL),
	(33105625741262848,2,87,000,'2018-03-29 16:59:52',1,'系统管理员',NULL,NULL,NULL),
	(33105625743360000,2,20,000,'2018-03-29 16:59:52',1,'系统管理员',NULL,NULL,NULL),
	(33105625747554304,2,79,000,'2018-03-29 16:59:52',1,'系统管理员',NULL,NULL,NULL),
	(33105625751748608,2,81,000,'2018-03-29 16:59:52',1,'系统管理员',NULL,NULL,NULL),
	(33105625760137216,2,83,000,'2018-03-29 16:59:52',1,'系统管理员',NULL,NULL,NULL),
	(33105625764331520,2,80,000,'2018-03-29 16:59:52',1,'系统管理员',NULL,NULL,NULL),
	(70574827173314560,1,62,001,'2018-10-22 11:58:20',1,'系统管理员','2018-10-22 12:02:41',1,'系统管理员'),
	(70574827183800320,1,4,001,'2018-10-22 11:58:20',1,'系统管理员','2018-10-22 12:02:41',1,'系统管理员'),
	(70574827190091776,1,28,001,'2018-10-22 11:58:20',1,'系统管理员','2018-10-22 12:02:41',1,'系统管理员'),
	(70574827194286080,1,29,001,'2018-10-22 11:58:20',1,'系统管理员','2018-10-22 12:02:41',1,'系统管理员'),
	(70574827200577536,1,30,001,'2018-10-22 11:58:20',1,'系统管理员','2018-10-22 12:02:41',1,'系统管理员'),
	(70574827206868992,1,31,001,'2018-10-22 11:58:20',1,'系统管理员','2018-10-22 12:02:41',1,'系统管理员'),
	(70574827213160448,1,32,001,'2018-10-22 11:58:20',1,'系统管理员','2018-10-22 12:02:41',1,'系统管理员'),
	(70574827219451904,1,33,001,'2018-10-22 11:58:20',1,'系统管理员','2018-10-22 12:02:41',1,'系统管理员'),
	(70574827225743360,1,34,001,'2018-10-22 11:58:20',1,'系统管理员','2018-10-22 12:02:41',1,'系统管理员'),
	(70574827232034816,1,43,001,'2018-10-22 11:58:20',1,'系统管理员','2018-10-22 12:02:41',1,'系统管理员'),
	(70574827240423424,1,86,001,'2018-10-22 11:58:20',1,'系统管理员','2018-10-22 12:02:41',1,'系统管理员'),
	(70574827246714880,1,7,001,'2018-10-22 11:58:20',1,'系统管理员','2018-10-22 12:02:41',1,'系统管理员'),
	(70574827253006336,1,8,001,'2018-10-22 11:58:20',1,'系统管理员','2018-10-22 12:02:41',1,'系统管理员'),
	(70574827259297792,1,9,001,'2018-10-22 11:58:20',1,'系统管理员','2018-10-22 12:02:41',1,'系统管理员'),
	(70574827263492096,1,10,001,'2018-10-22 11:58:20',1,'系统管理员','2018-10-22 12:02:41',1,'系统管理员'),
	(70574827267686400,1,71,001,'2018-10-22 11:58:20',1,'系统管理员','2018-10-22 12:02:41',1,'系统管理员'),
	(70574827282366464,1,72,001,'2018-10-22 11:58:20',1,'系统管理员','2018-10-22 12:02:41',1,'系统管理员'),
	(70574827288657920,1,73,001,'2018-10-22 11:58:20',1,'系统管理员','2018-10-22 12:02:41',1,'系统管理员'),
	(70574827292852224,1,74,001,'2018-10-22 11:58:20',1,'系统管理员','2018-10-22 12:02:41',1,'系统管理员'),
	(70574827299143680,1,75,001,'2018-10-22 11:58:20',1,'系统管理员','2018-10-22 12:02:41',1,'系统管理员'),
	(70574827303337984,1,76,001,'2018-10-22 11:58:20',1,'系统管理员','2018-10-22 12:02:41',1,'系统管理员'),
	(70574827309629440,1,77,001,'2018-10-22 11:58:20',1,'系统管理员','2018-10-22 12:02:41',1,'系统管理员'),
	(70574827315920896,1,78,001,'2018-10-22 11:58:20',1,'系统管理员','2018-10-22 12:02:41',1,'系统管理员'),
	(70574827320115200,1,82,001,'2018-10-22 11:58:20',1,'系统管理员','2018-10-22 12:02:41',1,'系统管理员'),
	(70574827326406656,1,85,001,'2018-10-22 11:58:20',1,'系统管理员','2018-10-22 12:02:41',1,'系统管理员'),
	(70574827330600960,1,1,001,'2018-10-22 11:58:20',1,'系统管理员','2018-10-22 12:02:41',1,'系统管理员'),
	(70574827336892416,1,11,001,'2018-10-22 11:58:20',1,'系统管理员','2018-10-22 12:02:41',1,'系统管理员'),
	(70574827343183872,1,24,001,'2018-10-22 11:58:20',1,'系统管理员','2018-10-22 12:02:41',1,'系统管理员'),
	(70574827368349696,1,25,001,'2018-10-22 11:58:20',1,'系统管理员','2018-10-22 12:02:41',1,'系统管理员'),
	(70574827374641152,1,26,001,'2018-10-22 11:58:20',1,'系统管理员','2018-10-22 12:02:41',1,'系统管理员'),
	(70574827380932608,1,27,001,'2018-10-22 11:58:20',1,'系统管理员','2018-10-22 12:02:41',1,'系统管理员'),
	(70574827387224064,1,35,001,'2018-10-22 11:58:20',1,'系统管理员','2018-10-22 12:02:41',1,'系统管理员'),
	(70574827399806976,1,36,001,'2018-10-22 11:58:20',1,'系统管理员','2018-10-22 12:02:41',1,'系统管理员'),
	(70574827408195584,1,88,001,'2018-10-22 11:58:20',1,'系统管理员','2018-10-22 12:02:41',1,'系统管理员'),
	(70574827414487040,1,89,001,'2018-10-22 11:58:20',1,'系统管理员','2018-10-22 12:02:41',1,'系统管理员'),
	(70574827420778496,1,90,001,'2018-10-22 11:58:20',1,'系统管理员','2018-10-22 12:02:41',1,'系统管理员'),
	(70574827433361408,1,91,001,'2018-10-22 11:58:20',1,'系统管理员','2018-10-22 12:02:41',1,'系统管理员'),
	(70574827441750016,1,2,001,'2018-10-22 11:58:20',1,'系统管理员','2018-10-22 12:02:41',1,'系统管理员'),
	(70574827456430080,1,14,001,'2018-10-22 11:58:20',1,'系统管理员','2018-10-22 12:02:41',1,'系统管理员'),
	(70574827473207296,1,37,001,'2018-10-22 11:58:20',1,'系统管理员','2018-10-22 12:02:41',1,'系统管理员'),
	(70574827496275968,1,38,001,'2018-10-22 11:58:20',1,'系统管理员','2018-10-22 12:02:41',1,'系统管理员'),
	(70574827504664576,1,39,001,'2018-10-22 11:58:20',1,'系统管理员','2018-10-22 12:02:41',1,'系统管理员'),
	(70574827519344640,1,40,001,'2018-10-22 11:58:20',1,'系统管理员','2018-10-22 12:02:41',1,'系统管理员'),
	(70574827538219008,1,41,001,'2018-10-22 11:58:20',1,'系统管理员','2018-10-22 12:02:41',1,'系统管理员'),
	(70574827544510464,1,42,001,'2018-10-22 11:58:20',1,'系统管理员','2018-10-22 12:02:41',1,'系统管理员'),
	(70574827550801920,1,87,001,'2018-10-22 11:58:20',1,'系统管理员','2018-10-22 12:02:41',1,'系统管理员'),
	(70574827565481984,1,20,001,'2018-10-22 11:58:20',1,'系统管理员','2018-10-22 12:02:41',1,'系统管理员'),
	(70574827578064896,1,6,001,'2018-10-22 11:58:20',1,'系统管理员','2018-10-22 12:02:41',1,'系统管理员'),
	(70574827594842112,1,63,001,'2018-10-22 11:58:20',1,'系统管理员','2018-10-22 12:02:41',1,'系统管理员'),
	(70574827603230720,1,64,001,'2018-10-22 11:58:20',1,'系统管理员','2018-10-22 12:02:41',1,'系统管理员'),
	(70574827611619328,1,65,001,'2018-10-22 11:58:20',1,'系统管理员','2018-10-22 12:02:41',1,'系统管理员'),
	(70574827632590848,1,66,001,'2018-10-22 11:58:20',1,'系统管理员','2018-10-22 12:02:41',1,'系统管理员'),
	(70574827643076608,1,67,001,'2018-10-22 11:58:20',1,'系统管理员','2018-10-22 12:02:41',1,'系统管理员'),
	(70574827649368064,1,68,001,'2018-10-22 11:58:20',1,'系统管理员','2018-10-22 12:02:41',1,'系统管理员'),
	(70574827653562368,1,69,001,'2018-10-22 11:58:20',1,'系统管理员','2018-10-22 12:02:41',1,'系统管理员'),
	(70574827666145280,1,79,001,'2018-10-22 11:58:20',1,'系统管理员','2018-10-22 12:02:41',1,'系统管理员'),
	(70574827682922496,1,81,001,'2018-10-22 11:58:20',1,'系统管理员','2018-10-22 12:02:41',1,'系统管理员'),
	(70574827687116800,1,83,001,'2018-10-22 11:58:20',1,'系统管理员','2018-10-22 12:02:41',1,'系统管理员'),
	(70574827701796864,1,80,001,'2018-10-22 11:58:20',1,'系统管理员','2018-10-22 12:02:41',1,'系统管理员'),
	(70575374760673280,1,62,001,'2018-10-22 12:02:41',1,'系统管理员','2018-10-22 12:05:46',1,'系统管理员'),
	(70575374766964736,1,4,001,'2018-10-22 12:02:41',1,'系统管理员','2018-10-22 12:05:46',1,'系统管理员'),
	(70575374771159040,1,28,001,'2018-10-22 12:02:41',1,'系统管理员','2018-10-22 12:05:46',1,'系统管理员'),
	(70575374775353344,1,30,001,'2018-10-22 12:02:41',1,'系统管理员','2018-10-22 12:05:46',1,'系统管理员'),
	(70575374781644800,1,31,001,'2018-10-22 12:02:41',1,'系统管理员','2018-10-22 12:05:46',1,'系统管理员'),
	(70575374787936256,1,32,001,'2018-10-22 12:02:41',1,'系统管理员','2018-10-22 12:05:46',1,'系统管理员'),
	(70575374792130560,1,33,001,'2018-10-22 12:02:41',1,'系统管理员','2018-10-22 12:05:46',1,'系统管理员'),
	(70575374796324864,1,34,001,'2018-10-22 12:02:41',1,'系统管理员','2018-10-22 12:05:46',1,'系统管理员'),
	(70575374800519168,1,43,001,'2018-10-22 12:02:41',1,'系统管理员','2018-10-22 12:05:46',1,'系统管理员'),
	(70575374804713472,1,86,001,'2018-10-22 12:02:41',1,'系统管理员','2018-10-22 12:05:46',1,'系统管理员'),
	(70575374873919488,1,7,001,'2018-10-22 12:02:41',1,'系统管理员','2018-10-22 12:05:46',1,'系统管理员'),
	(70575374878113792,1,8,001,'2018-10-22 12:02:41',1,'系统管理员','2018-10-22 12:05:46',1,'系统管理员'),
	(70575374884405248,1,9,001,'2018-10-22 12:02:41',1,'系统管理员','2018-10-22 12:05:46',1,'系统管理员'),
	(70575374890696704,1,10,001,'2018-10-22 12:02:41',1,'系统管理员','2018-10-22 12:05:46',1,'系统管理员'),
	(70575374894891008,1,71,001,'2018-10-22 12:02:41',1,'系统管理员','2018-10-22 12:05:46',1,'系统管理员'),
	(70575374907473920,1,72,001,'2018-10-22 12:02:41',1,'系统管理员','2018-10-22 12:05:46',1,'系统管理员'),
	(70575374922153984,1,74,001,'2018-10-22 12:02:41',1,'系统管理员','2018-10-22 12:05:46',1,'系统管理员'),
	(70575374932639744,1,75,001,'2018-10-22 12:02:41',1,'系统管理员','2018-10-22 12:05:46',1,'系统管理员'),
	(70575374945222656,1,76,001,'2018-10-22 12:02:41',1,'系统管理员','2018-10-22 12:05:46',1,'系统管理员'),
	(70575374951514112,1,77,001,'2018-10-22 12:02:41',1,'系统管理员','2018-10-22 12:05:46',1,'系统管理员'),
	(70575374961999872,1,78,001,'2018-10-22 12:02:41',1,'系统管理员','2018-10-22 12:05:46',1,'系统管理员'),
	(70575374976679936,1,82,001,'2018-10-22 12:02:41',1,'系统管理员','2018-10-22 12:05:46',1,'系统管理员'),
	(70575374985068544,1,85,001,'2018-10-22 12:02:41',1,'系统管理员','2018-10-22 12:05:46',1,'系统管理员'),
	(70575374991360000,1,1,001,'2018-10-22 12:02:41',1,'系统管理员','2018-10-22 12:05:46',1,'系统管理员'),
	(70575374997651456,1,11,001,'2018-10-22 12:02:41',1,'系统管理员','2018-10-22 12:05:46',1,'系统管理员'),
	(70575375001845760,1,24,001,'2018-10-22 12:02:41',1,'系统管理员','2018-10-22 12:05:46',1,'系统管理员'),
	(70575375016525824,1,25,001,'2018-10-22 12:02:41',1,'系统管理员','2018-10-22 12:05:46',1,'系统管理员'),
	(70575375022817280,1,26,001,'2018-10-22 12:02:41',1,'系统管理员','2018-10-22 12:05:46',1,'系统管理员'),
	(70575375031205888,1,27,001,'2018-10-22 12:02:41',1,'系统管理员','2018-10-22 12:05:46',1,'系统管理员'),
	(70575375035400192,1,35,001,'2018-10-22 12:02:41',1,'系统管理员','2018-10-22 12:05:46',1,'系统管理员'),
	(70575375041691648,1,36,001,'2018-10-22 12:02:41',1,'系统管理员','2018-10-22 12:05:46',1,'系统管理员'),
	(70575375047983104,1,88,001,'2018-10-22 12:02:41',1,'系统管理员','2018-10-22 12:05:46',1,'系统管理员'),
	(70575375052177408,1,89,001,'2018-10-22 12:02:41',1,'系统管理员','2018-10-22 12:05:46',1,'系统管理员'),
	(70575375058468864,1,90,001,'2018-10-22 12:02:41',1,'系统管理员','2018-10-22 12:05:46',1,'系统管理员'),
	(70575375062663168,1,91,001,'2018-10-22 12:02:41',1,'系统管理员','2018-10-22 12:05:46',1,'系统管理员'),
	(70575375066857472,1,2,001,'2018-10-22 12:02:41',1,'系统管理员','2018-10-22 12:05:46',1,'系统管理员'),
	(70575375071051776,1,14,001,'2018-10-22 12:02:41',1,'系统管理员','2018-10-22 12:05:46',1,'系统管理员'),
	(70575375077343232,1,37,001,'2018-10-22 12:02:41',1,'系统管理员','2018-10-22 12:05:46',1,'系统管理员'),
	(70575375094120448,1,38,001,'2018-10-22 12:02:41',1,'系统管理员','2018-10-22 12:05:46',1,'系统管理员'),
	(70575375102509056,1,39,001,'2018-10-22 12:02:41',1,'系统管理员','2018-10-22 12:05:46',1,'系统管理员'),
	(70575375108800512,1,40,001,'2018-10-22 12:02:41',1,'系统管理员','2018-10-22 12:05:46',1,'系统管理员'),
	(70575375115091968,1,41,001,'2018-10-22 12:02:41',1,'系统管理员','2018-10-22 12:05:46',1,'系统管理员'),
	(70575375119286272,1,42,001,'2018-10-22 12:02:41',1,'系统管理员','2018-10-22 12:05:46',1,'系统管理员'),
	(70575375133966336,1,87,001,'2018-10-22 12:02:41',1,'系统管理员','2018-10-22 12:05:46',1,'系统管理员'),
	(70575375142354944,1,20,001,'2018-10-22 12:02:41',1,'系统管理员','2018-10-22 12:05:46',1,'系统管理员'),
	(70575375148646400,1,79,001,'2018-10-22 12:02:41',1,'系统管理员','2018-10-22 12:05:46',1,'系统管理员'),
	(70575375159132160,1,81,001,'2018-10-22 12:02:41',1,'系统管理员','2018-10-22 12:05:46',1,'系统管理员'),
	(70575375165423616,1,83,001,'2018-10-22 12:02:41',1,'系统管理员','2018-10-22 12:05:46',1,'系统管理员'),
	(70575375169617920,1,80,001,'2018-10-22 12:02:41',1,'系统管理员','2018-10-22 12:05:46',1,'系统管理员'),
	(70575763381813248,1,11,001,'2018-10-22 12:05:46',1,'系统管理员','2018-10-22 12:07:29',1,'系统管理员'),
	(70575763386007552,1,88,001,'2018-10-22 12:05:46',1,'系统管理员','2018-10-22 12:07:29',1,'系统管理员'),
	(70575763392299008,1,89,001,'2018-10-22 12:05:46',1,'系统管理员','2018-10-22 12:07:29',1,'系统管理员'),
	(70575763400687616,1,90,001,'2018-10-22 12:05:46',1,'系统管理员','2018-10-22 12:07:29',1,'系统管理员'),
	(70575763406979072,1,91,001,'2018-10-22 12:05:46',1,'系统管理员','2018-10-22 12:07:29',1,'系统管理员'),
	(70575980065849344,1,62,001,'2018-10-22 12:07:29',1,'系统管理员','2019-02-02 11:30:02',33101303561322496,'公司管理员'),
	(70575980072140800,1,4,001,'2018-10-22 12:07:29',1,'系统管理员','2019-02-02 11:30:02',33101303561322496,'公司管理员'),
	(70575980076335104,1,28,001,'2018-10-22 12:07:29',1,'系统管理员','2019-02-02 11:30:02',33101303561322496,'公司管理员'),
	(70575980080529408,1,29,001,'2018-10-22 12:07:29',1,'系统管理员','2019-02-02 11:30:02',33101303561322496,'公司管理员'),
	(70575980101500928,1,30,001,'2018-10-22 12:07:29',1,'系统管理员','2019-02-02 11:30:02',33101303561322496,'公司管理员'),
	(70575980114083840,1,31,001,'2018-10-22 12:07:29',1,'系统管理员','2019-02-02 11:30:02',33101303561322496,'公司管理员'),
	(70575980128763904,1,32,001,'2018-10-22 12:07:29',1,'系统管理员','2019-02-02 11:30:02',33101303561322496,'公司管理员'),
	(70575980135055360,1,33,001,'2018-10-22 12:07:29',1,'系统管理员','2019-02-02 11:30:02',33101303561322496,'公司管理员'),
	(70575980149735424,1,34,001,'2018-10-22 12:07:29',1,'系统管理员','2019-02-02 11:30:02',33101303561322496,'公司管理员'),
	(70575980170706944,1,43,001,'2018-10-22 12:07:29',1,'系统管理员','2019-02-02 11:30:02',33101303561322496,'公司管理员'),
	(70575980181192704,1,86,001,'2018-10-22 12:07:29',1,'系统管理员','2019-02-02 11:30:02',33101303561322496,'公司管理员'),
	(70575980193775616,1,7,001,'2018-10-22 12:07:29',1,'系统管理员','2019-02-02 11:30:02',33101303561322496,'公司管理员'),
	(70575980200067072,1,8,001,'2018-10-22 12:07:29',1,'系统管理员','2019-02-02 11:30:02',33101303561322496,'公司管理员'),
	(70575980204261376,1,9,001,'2018-10-22 12:07:29',1,'系统管理员','2019-02-02 11:30:02',33101303561322496,'公司管理员'),
	(70575980210552832,1,10,001,'2018-10-22 12:07:29',1,'系统管理员','2019-02-02 11:30:02',33101303561322496,'公司管理员'),
	(70575980223135744,1,71,001,'2018-10-22 12:07:29',1,'系统管理员','2019-02-02 11:30:02',33101303561322496,'公司管理员'),
	(70575980239912960,1,72,001,'2018-10-22 12:07:29',1,'系统管理员','2019-02-02 11:30:02',33101303561322496,'公司管理员'),
	(70575980258787328,1,73,001,'2018-10-22 12:07:29',1,'系统管理员','2019-02-02 11:30:02',33101303561322496,'公司管理员'),
	(70575980267175936,1,74,001,'2018-10-22 12:07:29',1,'系统管理员','2019-02-02 11:30:02',33101303561322496,'公司管理员'),
	(70575980275564544,1,75,001,'2018-10-22 12:07:29',1,'系统管理员','2019-02-02 11:30:02',33101303561322496,'公司管理员'),
	(70575980279758848,1,76,001,'2018-10-22 12:07:29',1,'系统管理员','2019-02-02 11:30:02',33101303561322496,'公司管理员'),
	(70575980288147456,1,77,001,'2018-10-22 12:07:29',1,'系统管理员','2019-02-02 11:30:02',33101303561322496,'公司管理员'),
	(70575980300730368,1,78,001,'2018-10-22 12:07:29',1,'系统管理员','2019-02-02 11:30:02',33101303561322496,'公司管理员'),
	(70575980307021824,1,82,001,'2018-10-22 12:07:29',1,'系统管理员','2019-02-02 11:30:02',33101303561322496,'公司管理员'),
	(70575980319604736,1,85,001,'2018-10-22 12:07:29',1,'系统管理员','2019-02-02 11:30:02',33101303561322496,'公司管理员'),
	(70575980330090496,1,1,001,'2018-10-22 12:07:29',1,'系统管理员','2019-02-02 11:30:02',33101303561322496,'公司管理员'),
	(70575980342673408,1,11,001,'2018-10-22 12:07:29',1,'系统管理员','2019-02-02 11:30:02',33101303561322496,'公司管理员'),
	(70575980348964864,1,24,001,'2018-10-22 12:07:29',1,'系统管理员','2019-02-02 11:30:02',33101303561322496,'公司管理员'),
	(70575980355256320,1,25,001,'2018-10-22 12:07:29',1,'系统管理员','2019-02-02 11:30:02',33101303561322496,'公司管理员'),
	(70575980361547776,1,26,001,'2018-10-22 12:07:29',1,'系统管理员','2019-02-02 11:30:02',33101303561322496,'公司管理员'),
	(70575980376227840,1,27,001,'2018-10-22 12:07:29',1,'系统管理员','2019-02-02 11:30:02',33101303561322496,'公司管理员'),
	(70575980382519296,1,35,001,'2018-10-22 12:07:29',1,'系统管理员','2019-02-02 11:30:02',33101303561322496,'公司管理员'),
	(70575980388810752,1,36,001,'2018-10-22 12:07:29',1,'系统管理员','2019-02-02 11:30:02',33101303561322496,'公司管理员'),
	(70575980401393664,1,88,001,'2018-10-22 12:07:29',1,'系统管理员','2019-02-02 11:30:02',33101303561322496,'公司管理员'),
	(70575980405587968,1,89,001,'2018-10-22 12:07:29',1,'系统管理员','2019-02-02 11:30:02',33101303561322496,'公司管理员'),
	(70575980413976576,1,90,001,'2018-10-22 12:07:29',1,'系统管理员','2019-02-02 11:30:02',33101303561322496,'公司管理员'),
	(70575980418170880,1,91,001,'2018-10-22 12:07:29',1,'系统管理员','2019-02-02 11:30:02',33101303561322496,'公司管理员'),
	(70575980422365184,1,2,001,'2018-10-22 12:07:29',1,'系统管理员','2019-02-02 11:30:02',33101303561322496,'公司管理员'),
	(70575980432850944,1,14,001,'2018-10-22 12:07:29',1,'系统管理员','2019-02-02 11:30:02',33101303561322496,'公司管理员'),
	(70575980447531008,1,37,001,'2018-10-22 12:07:29',1,'系统管理员','2019-02-02 11:30:02',33101303561322496,'公司管理员'),
	(70575980455919616,1,38,001,'2018-10-22 12:07:29',1,'系统管理员','2019-02-02 11:30:02',33101303561322496,'公司管理员'),
	(70575980472696832,1,39,001,'2018-10-22 12:07:29',1,'系统管理员','2019-02-02 11:30:02',33101303561322496,'公司管理员'),
	(70575980478988288,1,40,001,'2018-10-22 12:07:29',1,'系统管理员','2019-02-02 11:30:02',33101303561322496,'公司管理员'),
	(70575980489474048,1,41,001,'2018-10-22 12:07:29',1,'系统管理员','2019-02-02 11:30:02',33101303561322496,'公司管理员'),
	(70575980504154112,1,42,001,'2018-10-22 12:07:29',1,'系统管理员','2019-02-02 11:30:02',33101303561322496,'公司管理员'),
	(70575980520931328,1,87,001,'2018-10-22 12:07:29',1,'系统管理员','2019-02-02 11:30:02',33101303561322496,'公司管理员'),
	(70575980527222784,1,20,001,'2018-10-22 12:07:29',1,'系统管理员','2019-02-02 11:30:02',33101303561322496,'公司管理员'),
	(70575980539805696,1,6,001,'2018-10-22 12:07:30',1,'系统管理员','2019-02-02 11:30:02',33101303561322496,'公司管理员'),
	(70575980548194304,1,63,001,'2018-10-22 12:07:30',1,'系统管理员','2019-02-02 11:30:02',33101303561322496,'公司管理员'),
	(70575980564971520,1,64,001,'2018-10-22 12:07:30',1,'系统管理员','2019-02-02 11:30:02',33101303561322496,'公司管理员'),
	(70575980571262976,1,65,001,'2018-10-22 12:07:30',1,'系统管理员','2019-02-02 11:30:02',33101303561322496,'公司管理员'),
	(70575980583845888,1,66,001,'2018-10-22 12:07:30',1,'系统管理员','2019-02-02 11:30:02',33101303561322496,'公司管理员'),
	(70575980590137344,1,67,001,'2018-10-22 12:07:30',1,'系统管理员','2019-02-02 11:30:02',33101303561322496,'公司管理员'),
	(70575980604817408,1,68,001,'2018-10-22 12:07:30',1,'系统管理员','2019-02-02 11:30:02',33101303561322496,'公司管理员'),
	(70575980611108864,1,69,001,'2018-10-22 12:07:30',1,'系统管理员','2019-02-02 11:30:02',33101303561322496,'公司管理员'),
	(70575980615303168,1,79,001,'2018-10-22 12:07:30',1,'系统管理员','2019-02-02 11:30:02',33101303561322496,'公司管理员'),
	(70575980621594624,1,81,001,'2018-10-22 12:07:30',1,'系统管理员','2019-02-02 11:30:02',33101303561322496,'公司管理员'),
	(70575980625788928,1,83,001,'2018-10-22 12:07:30',1,'系统管理员','2019-02-02 11:30:02',33101303561322496,'公司管理员'),
	(70575980632080384,1,80,001,'2018-10-22 12:07:30',1,'系统管理员','2019-02-02 11:30:02',33101303561322496,'公司管理员'),
	(70618783053512704,70618387750846464,62,001,'2018-10-22 17:47:39',1,'系统管理员','2018-10-22 17:49:11',1,'系统管理员'),
	(70618783072387072,70618387750846464,4,001,'2018-10-22 17:47:39',1,'系统管理员','2018-10-22 17:49:11',1,'系统管理员'),
	(70618783078678528,70618387750846464,28,001,'2018-10-22 17:47:39',1,'系统管理员','2018-10-22 17:49:11',1,'系统管理员'),
	(70618783084969984,70618387750846464,29,001,'2018-10-22 17:47:39',1,'系统管理员','2018-10-22 17:49:11',1,'系统管理员'),
	(70618783091261440,70618387750846464,30,001,'2018-10-22 17:47:39',1,'系统管理员','2018-10-22 17:49:11',1,'系统管理员'),
	(70618783095455744,70618387750846464,31,001,'2018-10-22 17:47:39',1,'系统管理员','2018-10-22 17:49:11',1,'系统管理员'),
	(70618783099650048,70618387750846464,32,001,'2018-10-22 17:47:39',1,'系统管理员','2018-10-22 17:49:11',1,'系统管理员'),
	(70618783108038656,70618387750846464,33,001,'2018-10-22 17:47:39',1,'系统管理员','2018-10-22 17:49:11',1,'系统管理员'),
	(70618783114330112,70618387750846464,34,001,'2018-10-22 17:47:39',1,'系统管理员','2018-10-22 17:49:11',1,'系统管理员'),
	(70618783122718720,70618387750846464,43,001,'2018-10-22 17:47:39',1,'系统管理员','2018-10-22 17:49:11',1,'系统管理员'),
	(70618783129010176,70618387750846464,86,001,'2018-10-22 17:47:39',1,'系统管理员','2018-10-22 17:49:11',1,'系统管理员'),
	(70618783133204480,70618387750846464,7,001,'2018-10-22 17:47:39',1,'系统管理员','2018-10-22 17:49:11',1,'系统管理员'),
	(70618783137398784,70618387750846464,8,001,'2018-10-22 17:47:39',1,'系统管理员','2018-10-22 17:49:11',1,'系统管理员'),
	(70618783143690240,70618387750846464,9,001,'2018-10-22 17:47:39',1,'系统管理员','2018-10-22 17:49:11',1,'系统管理员'),
	(70618783152078848,70618387750846464,10,001,'2018-10-22 17:47:39',1,'系统管理员','2018-10-22 17:49:11',1,'系统管理员'),
	(70618783160467456,70618387750846464,71,001,'2018-10-22 17:47:39',1,'系统管理员','2018-10-22 17:49:11',1,'系统管理员'),
	(70618783168856064,70618387750846464,72,001,'2018-10-22 17:47:39',1,'系统管理员','2018-10-22 17:49:11',1,'系统管理员'),
	(70618783175147520,70618387750846464,73,001,'2018-10-22 17:47:39',1,'系统管理员','2018-10-22 17:49:11',1,'系统管理员'),
	(70618783181438976,70618387750846464,74,001,'2018-10-22 17:47:39',1,'系统管理员','2018-10-22 17:49:11',1,'系统管理员'),
	(70618783187730432,70618387750846464,75,001,'2018-10-22 17:47:39',1,'系统管理员','2018-10-22 17:49:11',1,'系统管理员'),
	(70618783196119040,70618387750846464,76,001,'2018-10-22 17:47:39',1,'系统管理员','2018-10-22 17:49:11',1,'系统管理员'),
	(70618783202410496,70618387750846464,77,001,'2018-10-22 17:47:39',1,'系统管理员','2018-10-22 17:49:11',1,'系统管理员'),
	(70618783210799104,70618387750846464,78,001,'2018-10-22 17:47:39',1,'系统管理员','2018-10-22 17:49:11',1,'系统管理员'),
	(70618783217090560,70618387750846464,82,001,'2018-10-22 17:47:39',1,'系统管理员','2018-10-22 17:49:11',1,'系统管理员'),
	(70618783227576320,70618387750846464,85,001,'2018-10-22 17:47:39',1,'系统管理员','2018-10-22 17:49:11',1,'系统管理员'),
	(70618783235964928,70618387750846464,1,001,'2018-10-22 17:47:39',1,'系统管理员','2018-10-22 17:49:11',1,'系统管理员'),
	(70618783242256384,70618387750846464,11,001,'2018-10-22 17:47:39',1,'系统管理员','2018-10-22 17:49:11',1,'系统管理员'),
	(70618783248547840,70618387750846464,24,001,'2018-10-22 17:47:39',1,'系统管理员','2018-10-22 17:49:11',1,'系统管理员'),
	(70618783256936448,70618387750846464,25,001,'2018-10-22 17:47:39',1,'系统管理员','2018-10-22 17:49:11',1,'系统管理员'),
	(70618783263227904,70618387750846464,26,001,'2018-10-22 17:47:39',1,'系统管理员','2018-10-22 17:49:11',1,'系统管理员'),
	(70618783269519360,70618387750846464,27,001,'2018-10-22 17:47:39',1,'系统管理员','2018-10-22 17:49:11',1,'系统管理员'),
	(70618783277907968,70618387750846464,35,001,'2018-10-22 17:47:39',1,'系统管理员','2018-10-22 17:49:11',1,'系统管理员'),
	(70618783282102272,70618387750846464,36,001,'2018-10-22 17:47:39',1,'系统管理员','2018-10-22 17:49:11',1,'系统管理员'),
	(70618783288393728,70618387750846464,88,001,'2018-10-22 17:47:39',1,'系统管理员','2018-10-22 17:49:11',1,'系统管理员'),
	(70618783303073792,70618387750846464,89,001,'2018-10-22 17:47:39',1,'系统管理员','2018-10-22 17:49:11',1,'系统管理员'),
	(70618783309365248,70618387750846464,90,001,'2018-10-22 17:47:39',1,'系统管理员','2018-10-22 17:49:11',1,'系统管理员'),
	(70618783326142464,70618387750846464,91,001,'2018-10-22 17:47:39',1,'系统管理员','2018-10-22 17:49:11',1,'系统管理员'),
	(70618783340822528,70618387750846464,2,001,'2018-10-22 17:47:39',1,'系统管理员','2018-10-22 17:49:11',1,'系统管理员'),
	(70618783351308288,70618387750846464,14,001,'2018-10-22 17:47:39',1,'系统管理员','2018-10-22 17:49:11',1,'系统管理员'),
	(70618783368085504,70618387750846464,37,001,'2018-10-22 17:47:39',1,'系统管理员','2018-10-22 17:49:11',1,'系统管理员'),
	(70618783374376960,70618387750846464,38,001,'2018-10-22 17:47:39',1,'系统管理员','2018-10-22 17:49:11',1,'系统管理员'),
	(70618783382765568,70618387750846464,39,001,'2018-10-22 17:47:39',1,'系统管理员','2018-10-22 17:49:11',1,'系统管理员'),
	(70618783389057024,70618387750846464,40,001,'2018-10-22 17:47:39',1,'系统管理员','2018-10-22 17:49:11',1,'系统管理员'),
	(70618783395348480,70618387750846464,41,001,'2018-10-22 17:47:39',1,'系统管理员','2018-10-22 17:49:11',1,'系统管理员'),
	(70618783403737088,70618387750846464,42,001,'2018-10-22 17:47:39',1,'系统管理员','2018-10-22 17:49:11',1,'系统管理员'),
	(70618783407931392,70618387750846464,87,001,'2018-10-22 17:47:39',1,'系统管理员','2018-10-22 17:49:11',1,'系统管理员'),
	(70618783414222848,70618387750846464,20,001,'2018-10-22 17:47:40',1,'系统管理员','2018-10-22 17:49:11',1,'系统管理员'),
	(70618783428902912,70618387750846464,6,001,'2018-10-22 17:47:40',1,'系统管理员','2018-10-22 17:49:11',1,'系统管理员'),
	(70618783437291520,70618387750846464,63,001,'2018-10-22 17:47:40',1,'系统管理员','2018-10-22 17:49:11',1,'系统管理员'),
	(70618783451971584,70618387750846464,64,001,'2018-10-22 17:47:40',1,'系统管理员','2018-10-22 17:49:11',1,'系统管理员'),
	(70618783466651648,70618387750846464,65,001,'2018-10-22 17:47:40',1,'系统管理员','2018-10-22 17:49:11',1,'系统管理员'),
	(70618783479234560,70618387750846464,66,001,'2018-10-22 17:47:40',1,'系统管理员','2018-10-22 17:49:11',1,'系统管理员'),
	(70618783489720320,70618387750846464,67,001,'2018-10-22 17:47:40',1,'系统管理员','2018-10-22 17:49:11',1,'系统管理员'),
	(70618783506497536,70618387750846464,68,001,'2018-10-22 17:47:40',1,'系统管理员','2018-10-22 17:49:11',1,'系统管理员'),
	(70618783531663360,70618387750846464,69,001,'2018-10-22 17:47:40',1,'系统管理员','2018-10-22 17:49:11',1,'系统管理员'),
	(70618975943262208,70618387750846464,62,001,'2018-10-22 17:49:11',1,'系统管理员','2018-10-22 17:59:00',1,'系统管理员'),
	(70618975951650816,70618387750846464,4,001,'2018-10-22 17:49:11',1,'系统管理员','2018-10-22 17:59:00',1,'系统管理员'),
	(70618975960039424,70618387750846464,28,001,'2018-10-22 17:49:11',1,'系统管理员','2018-10-22 17:59:00',1,'系统管理员'),
	(70618975966330880,70618387750846464,29,001,'2018-10-22 17:49:11',1,'系统管理员','2018-10-22 17:59:00',1,'系统管理员'),
	(70618975983108096,70618387750846464,30,001,'2018-10-22 17:49:11',1,'系统管理员','2018-10-22 17:59:00',1,'系统管理员'),
	(70618975997788160,70618387750846464,31,001,'2018-10-22 17:49:11',1,'系统管理员','2018-10-22 17:59:00',1,'系统管理员'),
	(70618976010371072,70618387750846464,32,001,'2018-10-22 17:49:11',1,'系统管理员','2018-10-22 17:59:00',1,'系统管理员'),
	(70618976037634048,70618387750846464,33,001,'2018-10-22 17:49:11',1,'系统管理员','2018-10-22 17:59:00',1,'系统管理员'),
	(70618976052314112,70618387750846464,34,001,'2018-10-22 17:49:11',1,'系统管理员','2018-10-22 17:59:00',1,'系统管理员'),
	(70618976090062848,70618387750846464,43,001,'2018-10-22 17:49:11',1,'系统管理员','2018-10-22 17:59:00',1,'系统管理员'),
	(70618976098451456,70618387750846464,86,001,'2018-10-22 17:49:11',1,'系统管理员','2018-10-22 17:59:00',1,'系统管理员'),
	(70618976108937216,70618387750846464,7,001,'2018-10-22 17:49:11',1,'系统管理员','2018-10-22 17:59:00',1,'系统管理员'),
	(70618976125714432,70618387750846464,8,001,'2018-10-22 17:49:11',1,'系统管理员','2018-10-22 17:59:00',1,'系统管理员'),
	(70618976132005888,70618387750846464,9,001,'2018-10-22 17:49:11',1,'系统管理员','2018-10-22 17:59:00',1,'系统管理员'),
	(70618976138297344,70618387750846464,10,001,'2018-10-22 17:49:11',1,'系统管理员','2018-10-22 17:59:00',1,'系统管理员'),
	(70618976152977408,70618387750846464,71,001,'2018-10-22 17:49:11',1,'系统管理员','2018-10-22 17:59:00',1,'系统管理员'),
	(70618976163463168,70618387750846464,72,001,'2018-10-22 17:49:11',1,'系统管理员','2018-10-22 17:59:00',1,'系统管理员'),
	(70618976180240384,70618387750846464,73,001,'2018-10-22 17:49:11',1,'系统管理员','2018-10-22 17:59:00',1,'系统管理员'),
	(70618976188628992,70618387750846464,74,001,'2018-10-22 17:49:11',1,'系统管理员','2018-10-22 17:59:00',1,'系统管理员'),
	(70618976194920448,70618387750846464,75,001,'2018-10-22 17:49:11',1,'系统管理员','2018-10-22 17:59:00',1,'系统管理员'),
	(70618976211697664,70618387750846464,76,001,'2018-10-22 17:49:11',1,'系统管理员','2018-10-22 17:59:00',1,'系统管理员'),
	(70618976232669184,70618387750846464,77,001,'2018-10-22 17:49:11',1,'系统管理员','2018-10-22 17:59:00',1,'系统管理员'),
	(70618976255737856,70618387750846464,78,001,'2018-10-22 17:49:11',1,'系统管理员','2018-10-22 17:59:00',1,'系统管理员'),
	(70618976276709376,70618387750846464,82,001,'2018-10-22 17:49:11',1,'系统管理员','2018-10-22 17:59:00',1,'系统管理员'),
	(70618976283000832,70618387750846464,85,001,'2018-10-22 17:49:11',1,'系统管理员','2018-10-22 17:59:00',1,'系统管理员'),
	(70618976289292288,70618387750846464,1,001,'2018-10-22 17:49:11',1,'系统管理员','2018-10-22 17:59:00',1,'系统管理员'),
	(70618976312360960,70618387750846464,11,001,'2018-10-22 17:49:11',1,'系统管理员','2018-10-22 17:59:00',1,'系统管理员'),
	(70618976324943872,70618387750846464,24,001,'2018-10-22 17:49:11',1,'系统管理员','2018-10-22 17:59:00',1,'系统管理员'),
	(70618976343818240,70618387750846464,25,001,'2018-10-22 17:49:11',1,'系统管理员','2018-10-22 17:59:00',1,'系统管理员'),
	(70618976350109696,70618387750846464,26,001,'2018-10-22 17:49:12',1,'系统管理员','2018-10-22 17:59:00',1,'系统管理员'),
	(70618976364789760,70618387750846464,27,001,'2018-10-22 17:49:12',1,'系统管理员','2018-10-22 17:59:00',1,'系统管理员'),
	(70618976373178368,70618387750846464,35,001,'2018-10-22 17:49:12',1,'系统管理员','2018-10-22 17:59:00',1,'系统管理员'),
	(70618976385761280,70618387750846464,36,001,'2018-10-22 17:49:12',1,'系统管理员','2018-10-22 17:59:00',1,'系统管理员'),
	(70618976404635648,70618387750846464,88,001,'2018-10-22 17:49:12',1,'系统管理员','2018-10-22 17:59:00',1,'系统管理员'),
	(70618976419315712,70618387750846464,89,001,'2018-10-22 17:49:12',1,'系统管理员','2018-10-22 17:59:00',1,'系统管理员'),
	(70618976429801472,70618387750846464,90,001,'2018-10-22 17:49:12',1,'系统管理员','2018-10-22 17:59:00',1,'系统管理员'),
	(70618976442384384,70618387750846464,91,001,'2018-10-22 17:49:12',1,'系统管理员','2018-10-22 17:59:00',1,'系统管理员'),
	(70618976446578688,70618387750846464,2,001,'2018-10-22 17:49:12',1,'系统管理员','2018-10-22 17:59:00',1,'系统管理员'),
	(70618976457064448,70618387750846464,14,001,'2018-10-22 17:49:12',1,'系统管理员','2018-10-22 17:59:00',1,'系统管理员'),
	(70618976465453056,70618387750846464,37,001,'2018-10-22 17:49:12',1,'系统管理员','2018-10-22 17:59:00',1,'系统管理员'),
	(70618976478035968,70618387750846464,38,001,'2018-10-22 17:49:12',1,'系统管理员','2018-10-22 17:59:00',1,'系统管理员'),
	(70618976501104640,70618387750846464,39,001,'2018-10-22 17:49:12',1,'系统管理员','2018-10-22 17:59:00',1,'系统管理员'),
	(70618976507396096,70618387750846464,40,001,'2018-10-22 17:49:12',1,'系统管理员','2018-10-22 17:59:00',1,'系统管理员'),
	(70618976511590400,70618387750846464,41,001,'2018-10-22 17:49:12',1,'系统管理员','2018-10-22 17:59:00',1,'系统管理员'),
	(70618976517881856,70618387750846464,42,001,'2018-10-22 17:49:12',1,'系统管理员','2018-10-22 17:59:00',1,'系统管理员'),
	(70618976522076160,70618387750846464,87,001,'2018-10-22 17:49:12',1,'系统管理员','2018-10-22 17:59:00',1,'系统管理员'),
	(70618976528367616,70618387750846464,20,001,'2018-10-22 17:49:12',1,'系统管理员','2018-10-22 17:59:00',1,'系统管理员'),
	(70620210974949376,70618387750846464,62,001,'2018-10-22 17:59:00',1,'系统管理员','2019-02-01 17:46:10',1,'系统管理员'),
	(70620210981240832,70618387750846464,4,001,'2018-10-22 17:59:00',1,'系统管理员','2019-02-01 17:46:10',1,'系统管理员'),
	(70620210985435136,70618387750846464,28,001,'2018-10-22 17:59:00',1,'系统管理员','2019-02-01 17:46:10',1,'系统管理员'),
	(70620210989629440,70618387750846464,29,001,'2018-10-22 17:59:00',1,'系统管理员','2019-02-01 17:46:10',1,'系统管理员'),
	(70620210995920896,70618387750846464,30,001,'2018-10-22 17:59:00',1,'系统管理员','2019-02-01 17:46:10',1,'系统管理员'),
	(70620211000115200,70618387750846464,31,001,'2018-10-22 17:59:00',1,'系统管理员','2019-02-01 17:46:10',1,'系统管理员'),
	(70620211006406656,70618387750846464,32,001,'2018-10-22 17:59:00',1,'系统管理员','2019-02-01 17:46:10',1,'系统管理员'),
	(70620211014795264,70618387750846464,33,001,'2018-10-22 17:59:00',1,'系统管理员','2019-02-01 17:46:10',1,'系统管理员'),
	(70620211018989568,70618387750846464,34,001,'2018-10-22 17:59:00',1,'系统管理员','2019-02-01 17:46:10',1,'系统管理员'),
	(70620211025281024,70618387750846464,43,001,'2018-10-22 17:59:00',1,'系统管理员','2019-02-01 17:46:10',1,'系统管理员'),
	(70620211031572480,70618387750846464,86,001,'2018-10-22 17:59:00',1,'系统管理员','2019-02-01 17:46:10',1,'系统管理员'),
	(70620211037863936,70618387750846464,7,001,'2018-10-22 17:59:00',1,'系统管理员','2019-02-01 17:46:10',1,'系统管理员'),
	(70620211046252544,70618387750846464,8,001,'2018-10-22 17:59:00',1,'系统管理员','2019-02-01 17:46:10',1,'系统管理员'),
	(70620211052544000,70618387750846464,9,001,'2018-10-22 17:59:00',1,'系统管理员','2019-02-01 17:46:10',1,'系统管理员'),
	(70620211058835456,70618387750846464,10,001,'2018-10-22 17:59:00',1,'系统管理员','2019-02-01 17:46:10',1,'系统管理员'),
	(70620211065126912,70618387750846464,71,001,'2018-10-22 17:59:00',1,'系统管理员','2019-02-01 17:46:10',1,'系统管理员'),
	(70620211069321216,70618387750846464,72,001,'2018-10-22 17:59:00',1,'系统管理员','2019-02-01 17:46:10',1,'系统管理员'),
	(70620211075612672,70618387750846464,73,001,'2018-10-22 17:59:00',1,'系统管理员','2019-02-01 17:46:10',1,'系统管理员'),
	(70620211081904128,70618387750846464,74,001,'2018-10-22 17:59:00',1,'系统管理员','2019-02-01 17:46:10',1,'系统管理员'),
	(70620211088195584,70618387750846464,75,001,'2018-10-22 17:59:00',1,'系统管理员','2019-02-01 17:46:10',1,'系统管理员'),
	(70620211094487040,70618387750846464,76,001,'2018-10-22 17:59:00',1,'系统管理员','2019-02-01 17:46:10',1,'系统管理员'),
	(70620211100778496,70618387750846464,77,001,'2018-10-22 17:59:00',1,'系统管理员','2019-02-01 17:46:10',1,'系统管理员'),
	(70620211104972800,70618387750846464,78,001,'2018-10-22 17:59:00',1,'系统管理员','2019-02-01 17:46:10',1,'系统管理员'),
	(70620211111264256,70618387750846464,82,001,'2018-10-22 17:59:00',1,'系统管理员','2019-02-01 17:46:10',1,'系统管理员'),
	(70620211115458560,70618387750846464,85,001,'2018-10-22 17:59:00',1,'系统管理员','2019-02-01 17:46:10',1,'系统管理员'),
	(70620211123847168,70618387750846464,1,001,'2018-10-22 17:59:00',1,'系统管理员','2019-02-01 17:46:10',1,'系统管理员'),
	(70620211130138624,70618387750846464,11,001,'2018-10-22 17:59:00',1,'系统管理员','2019-02-01 17:46:10',1,'系统管理员'),
	(70620211138527232,70618387750846464,24,001,'2018-10-22 17:59:00',1,'系统管理员','2019-02-01 17:46:10',1,'系统管理员'),
	(70620211176275968,70618387750846464,25,001,'2018-10-22 17:59:00',1,'系统管理员','2019-02-01 17:46:10',1,'系统管理员'),
	(70620211182567424,70618387750846464,26,001,'2018-10-22 17:59:00',1,'系统管理员','2019-02-01 17:46:10',1,'系统管理员'),
	(70620211188858880,70618387750846464,27,001,'2018-10-22 17:59:00',1,'系统管理员','2019-02-01 17:46:10',1,'系统管理员'),
	(70620211195150336,70618387750846464,35,001,'2018-10-22 17:59:00',1,'系统管理员','2019-02-01 17:46:10',1,'系统管理员'),
	(70620211199344640,70618387750846464,36,001,'2018-10-22 17:59:00',1,'系统管理员','2019-02-01 17:46:10',1,'系统管理员'),
	(70620211205636096,70618387750846464,88,001,'2018-10-22 17:59:00',1,'系统管理员','2019-02-01 17:46:10',1,'系统管理员'),
	(70620211209830400,70618387750846464,89,001,'2018-10-22 17:59:00',1,'系统管理员','2019-02-01 17:46:10',1,'系统管理员'),
	(70620211245481984,70618387750846464,90,001,'2018-10-22 17:59:00',1,'系统管理员','2019-02-01 17:46:10',1,'系统管理员'),
	(70620211251773440,70618387750846464,91,001,'2018-10-22 17:59:00',1,'系统管理员','2019-02-01 17:46:10',1,'系统管理员'),
	(70620211260162048,70618387750846464,2,001,'2018-10-22 17:59:00',1,'系统管理员','2019-02-01 17:46:10',1,'系统管理员'),
	(70620211264356352,70618387750846464,14,001,'2018-10-22 17:59:00',1,'系统管理员','2019-02-01 17:46:10',1,'系统管理员'),
	(70620211270647808,70618387750846464,37,001,'2018-10-22 17:59:00',1,'系统管理员','2019-02-01 17:46:10',1,'系统管理员'),
	(70620211274842112,70618387750846464,38,001,'2018-10-22 17:59:00',1,'系统管理员','2019-02-01 17:46:10',1,'系统管理员'),
	(70620211281133568,70618387750846464,39,001,'2018-10-22 17:59:00',1,'系统管理员','2019-02-01 17:46:10',1,'系统管理员'),
	(70620211287425024,70618387750846464,40,001,'2018-10-22 17:59:00',1,'系统管理员','2019-02-01 17:46:10',1,'系统管理员'),
	(70620211312590848,70618387750846464,41,001,'2018-10-22 17:59:00',1,'系统管理员','2019-02-01 17:46:10',1,'系统管理员'),
	(70620211344048128,70618387750846464,42,001,'2018-10-22 17:59:00',1,'系统管理员','2019-02-01 17:46:10',1,'系统管理员'),
	(70620211350339584,70618387750846464,87,001,'2018-10-22 17:59:00',1,'系统管理员','2019-02-01 17:46:10',1,'系统管理员'),
	(70620211358728192,70618387750846464,20,001,'2018-10-22 17:59:00',1,'系统管理员','2019-02-01 17:46:10',1,'系统管理员'),
	(70620211362922496,70618387750846464,79,001,'2018-10-22 17:59:00',1,'系统管理员','2019-02-01 17:46:10',1,'系统管理员'),
	(70620211369213952,70618387750846464,81,001,'2018-10-22 17:59:00',1,'系统管理员','2019-02-01 17:46:10',1,'系统管理员'),
	(70620211377602560,70618387750846464,83,001,'2018-10-22 17:59:00',1,'系统管理员','2019-02-01 17:46:10',1,'系统管理员'),
	(70620211390185472,70618387750846464,80,001,'2018-10-22 17:59:00',1,'系统管理员','2019-02-01 17:46:10',1,'系统管理员'),
	(89100377871351808,70618387750846464,62,001,'2019-02-01 17:46:10',1,'系统管理员','2019-02-01 18:04:54',1,'系统管理员'),
	(89100377873448960,70618387750846464,4,001,'2019-02-01 17:46:10',1,'系统管理员','2019-02-01 18:04:54',1,'系统管理员'),
	(89100377875546112,70618387750846464,28,001,'2019-02-01 17:46:10',1,'系统管理员','2019-02-01 18:04:54',1,'系统管理员'),
	(89100377877643264,70618387750846464,29,001,'2019-02-01 17:46:10',1,'系统管理员','2019-02-01 18:04:54',1,'系统管理员'),
	(89100377881837568,70618387750846464,30,001,'2019-02-01 17:46:10',1,'系统管理员','2019-02-01 18:04:54',1,'系统管理员'),
	(89100377886031872,70618387750846464,32,001,'2019-02-01 17:46:10',1,'系统管理员','2019-02-01 18:04:54',1,'系统管理员'),
	(89100377888129024,70618387750846464,43,001,'2019-02-01 17:46:10',1,'系统管理员','2019-02-01 18:04:54',1,'系统管理员'),
	(89100377890226176,70618387750846464,86,001,'2019-02-01 17:46:10',1,'系统管理员','2019-02-01 18:04:54',1,'系统管理员'),
	(89100377890226177,70618387750846464,7,001,'2019-02-01 17:46:10',1,'系统管理员','2019-02-01 18:04:54',1,'系统管理员'),
	(89100377892323328,70618387750846464,8,001,'2019-02-01 17:46:10',1,'系统管理员','2019-02-01 18:04:54',1,'系统管理员'),
	(89100377894420480,70618387750846464,9,001,'2019-02-01 17:46:10',1,'系统管理员','2019-02-01 18:04:54',1,'系统管理员'),
	(89100377896517632,70618387750846464,10,001,'2019-02-01 17:46:10',1,'系统管理员','2019-02-01 18:04:54',1,'系统管理员'),
	(89100377898614784,70618387750846464,71,001,'2019-02-01 17:46:10',1,'系统管理员','2019-02-01 18:04:54',1,'系统管理员'),
	(89100377902809088,70618387750846464,72,001,'2019-02-01 17:46:10',1,'系统管理员','2019-02-01 18:04:54',1,'系统管理员'),
	(89100377907003392,70618387750846464,73,001,'2019-02-01 17:46:10',1,'系统管理员','2019-02-01 18:04:54',1,'系统管理员'),
	(89100377909100544,70618387750846464,74,001,'2019-02-01 17:46:10',1,'系统管理员','2019-02-01 18:04:54',1,'系统管理员'),
	(89100377911197696,70618387750846464,75,001,'2019-02-01 17:46:10',1,'系统管理员','2019-02-01 18:04:54',1,'系统管理员'),
	(89100377913294848,70618387750846464,76,001,'2019-02-01 17:46:11',1,'系统管理员','2019-02-01 18:04:54',1,'系统管理员'),
	(89100377915392000,70618387750846464,77,001,'2019-02-01 17:46:11',1,'系统管理员','2019-02-01 18:04:54',1,'系统管理员'),
	(89100377917489152,70618387750846464,78,001,'2019-02-01 17:46:11',1,'系统管理员','2019-02-01 18:04:54',1,'系统管理员'),
	(89100377919586304,70618387750846464,82,001,'2019-02-01 17:46:11',1,'系统管理员','2019-02-01 18:04:54',1,'系统管理员'),
	(89100377921683456,70618387750846464,85,001,'2019-02-01 17:46:11',1,'系统管理员','2019-02-01 18:04:54',1,'系统管理员'),
	(89100377923780608,70618387750846464,1,001,'2019-02-01 17:46:11',1,'系统管理员','2019-02-01 18:04:54',1,'系统管理员'),
	(89100377925877760,70618387750846464,11,001,'2019-02-01 17:46:11',1,'系统管理员','2019-02-01 18:04:54',1,'系统管理员'),
	(89100377927974912,70618387750846464,24,001,'2019-02-01 17:46:11',1,'系统管理员','2019-02-01 18:04:54',1,'系统管理员'),
	(89100377930072064,70618387750846464,25,001,'2019-02-01 17:46:11',1,'系统管理员','2019-02-01 18:04:54',1,'系统管理员'),
	(89100377932169216,70618387750846464,26,001,'2019-02-01 17:46:11',1,'系统管理员','2019-02-01 18:04:54',1,'系统管理员'),
	(89100377934266368,70618387750846464,27,001,'2019-02-01 17:46:11',1,'系统管理员','2019-02-01 18:04:54',1,'系统管理员'),
	(89100377936363520,70618387750846464,35,001,'2019-02-01 17:46:11',1,'系统管理员','2019-02-01 18:04:54',1,'系统管理员'),
	(89100377938460672,70618387750846464,36,001,'2019-02-01 17:46:11',1,'系统管理员','2019-02-01 18:04:54',1,'系统管理员'),
	(89100377940557824,70618387750846464,88,001,'2019-02-01 17:46:11',1,'系统管理员','2019-02-01 18:04:54',1,'系统管理员'),
	(89100377940557825,70618387750846464,89,001,'2019-02-01 17:46:11',1,'系统管理员','2019-02-01 18:04:54',1,'系统管理员'),
	(89100377942654976,70618387750846464,90,001,'2019-02-01 17:46:11',1,'系统管理员','2019-02-01 18:04:54',1,'系统管理员'),
	(89100377944752128,70618387750846464,91,001,'2019-02-01 17:46:11',1,'系统管理员','2019-02-01 18:04:54',1,'系统管理员'),
	(89100377946849280,70618387750846464,2,001,'2019-02-01 17:46:11',1,'系统管理员','2019-02-01 18:04:54',1,'系统管理员'),
	(89100377948946432,70618387750846464,14,001,'2019-02-01 17:46:11',1,'系统管理员','2019-02-01 18:04:54',1,'系统管理员'),
	(89100377951043584,70618387750846464,37,001,'2019-02-01 17:46:11',1,'系统管理员','2019-02-01 18:04:54',1,'系统管理员'),
	(89100377953140736,70618387750846464,38,001,'2019-02-01 17:46:11',1,'系统管理员','2019-02-01 18:04:54',1,'系统管理员'),
	(89100377955237888,70618387750846464,39,001,'2019-02-01 17:46:11',1,'系统管理员','2019-02-01 18:04:54',1,'系统管理员'),
	(89100377957335040,70618387750846464,40,001,'2019-02-01 17:46:11',1,'系统管理员','2019-02-01 18:04:54',1,'系统管理员'),
	(89100377959432192,70618387750846464,41,001,'2019-02-01 17:46:11',1,'系统管理员','2019-02-01 18:04:54',1,'系统管理员'),
	(89100377961529344,70618387750846464,42,001,'2019-02-01 17:46:11',1,'系统管理员','2019-02-01 18:04:54',1,'系统管理员'),
	(89100377961529345,70618387750846464,87,001,'2019-02-01 17:46:11',1,'系统管理员','2019-02-01 18:04:54',1,'系统管理员'),
	(89100377963626496,70618387750846464,79,001,'2019-02-01 17:46:11',1,'系统管理员','2019-02-01 18:04:54',1,'系统管理员'),
	(89100377965723648,70618387750846464,81,001,'2019-02-01 17:46:11',1,'系统管理员','2019-02-01 18:04:54',1,'系统管理员'),
	(89100377967820800,70618387750846464,83,001,'2019-02-01 17:46:11',1,'系统管理员','2019-02-01 18:04:54',1,'系统管理员'),
	(89100377969917952,70618387750846464,80,001,'2019-02-01 17:46:11',1,'系统管理员','2019-02-01 18:04:54',1,'系统管理员'),
	(89102734784987136,70618387750846464,62,001,'2019-02-01 18:04:54',1,'系统管理员','2019-02-02 10:38:38',1,'系统管理员'),
	(89102734789181440,70618387750846464,4,001,'2019-02-01 18:04:54',1,'系统管理员','2019-02-02 10:38:38',1,'系统管理员'),
	(89102734791278592,70618387750846464,28,001,'2019-02-01 18:04:54',1,'系统管理员','2019-02-02 10:38:38',1,'系统管理员'),
	(89102734812250112,70618387750846464,29,001,'2019-02-01 18:04:54',1,'系统管理员','2019-02-02 10:38:38',1,'系统管理员'),
	(89102734826930176,70618387750846464,30,001,'2019-02-01 18:04:54',1,'系统管理员','2019-02-02 10:38:38',1,'系统管理员'),
	(89102734831124480,70618387750846464,32,001,'2019-02-01 18:04:54',1,'系统管理员','2019-02-02 10:38:38',1,'系统管理员'),
	(89102734833221632,70618387750846464,43,001,'2019-02-01 18:04:54',1,'系统管理员','2019-02-02 10:38:38',1,'系统管理员'),
	(89102734837415936,70618387750846464,86,001,'2019-02-01 18:04:54',1,'系统管理员','2019-02-02 10:38:38',1,'系统管理员'),
	(89102734839513088,70618387750846464,7,001,'2019-02-01 18:04:54',1,'系统管理员','2019-02-02 10:38:38',1,'系统管理员'),
	(89102734841610240,70618387750846464,8,001,'2019-02-01 18:04:54',1,'系统管理员','2019-02-02 10:38:38',1,'系统管理员'),
	(89102734843707392,70618387750846464,9,001,'2019-02-01 18:04:54',1,'系统管理员','2019-02-02 10:38:38',1,'系统管理员'),
	(89102734845804544,70618387750846464,10,001,'2019-02-01 18:04:54',1,'系统管理员','2019-02-02 10:38:38',1,'系统管理员'),
	(89102734847901696,70618387750846464,71,001,'2019-02-01 18:04:54',1,'系统管理员','2019-02-02 10:38:38',1,'系统管理员'),
	(89102734852096000,70618387750846464,72,001,'2019-02-01 18:04:54',1,'系统管理员','2019-02-02 10:38:38',1,'系统管理员'),
	(89102734854193152,70618387750846464,73,001,'2019-02-01 18:04:54',1,'系统管理员','2019-02-02 10:38:38',1,'系统管理员'),
	(89102734856290304,70618387750846464,74,001,'2019-02-01 18:04:54',1,'系统管理员','2019-02-02 10:38:38',1,'系统管理员'),
	(89102734860484608,70618387750846464,75,001,'2019-02-01 18:04:54',1,'系统管理员','2019-02-02 10:38:38',1,'系统管理员'),
	(89102734864678912,70618387750846464,76,001,'2019-02-01 18:04:54',1,'系统管理员','2019-02-02 10:38:38',1,'系统管理员'),
	(89102734866776064,70618387750846464,77,001,'2019-02-01 18:04:54',1,'系统管理员','2019-02-02 10:38:38',1,'系统管理员'),
	(89102734868873216,70618387750846464,78,001,'2019-02-01 18:04:54',1,'系统管理员','2019-02-02 10:38:38',1,'系统管理员'),
	(89102734870970368,70618387750846464,82,001,'2019-02-01 18:04:54',1,'系统管理员','2019-02-02 10:38:38',1,'系统管理员'),
	(89102734873067520,70618387750846464,85,001,'2019-02-01 18:04:54',1,'系统管理员','2019-02-02 10:38:38',1,'系统管理员'),
	(89102734875164672,70618387750846464,1,001,'2019-02-01 18:04:54',1,'系统管理员','2019-02-02 10:38:38',1,'系统管理员'),
	(89102734877261824,70618387750846464,11,001,'2019-02-01 18:04:54',1,'系统管理员','2019-02-02 10:38:38',1,'系统管理员'),
	(89102734881456128,70618387750846464,24,001,'2019-02-01 18:04:54',1,'系统管理员','2019-02-02 10:38:38',1,'系统管理员'),
	(89102734883553280,70618387750846464,25,001,'2019-02-01 18:04:54',1,'系统管理员','2019-02-02 10:38:38',1,'系统管理员'),
	(89102734885650432,70618387750846464,26,001,'2019-02-01 18:04:54',1,'系统管理员','2019-02-02 10:38:38',1,'系统管理员'),
	(89102734887747584,70618387750846464,27,001,'2019-02-01 18:04:54',1,'系统管理员','2019-02-02 10:38:38',1,'系统管理员'),
	(89102734894039040,70618387750846464,35,001,'2019-02-01 18:04:54',1,'系统管理员','2019-02-02 10:38:38',1,'系统管理员'),
	(89102734910816256,70618387750846464,36,001,'2019-02-01 18:04:54',1,'系统管理员','2019-02-02 10:38:38',1,'系统管理员'),
	(89102734921302016,70618387750846464,88,001,'2019-02-01 18:04:54',1,'系统管理员','2019-02-02 10:38:38',1,'系统管理员'),
	(89102734925496320,70618387750846464,89,001,'2019-02-01 18:04:54',1,'系统管理员','2019-02-02 10:38:38',1,'系统管理员'),
	(89102734927593472,70618387750846464,90,001,'2019-02-01 18:04:54',1,'系统管理员','2019-02-02 10:38:38',1,'系统管理员'),
	(89102734929690624,70618387750846464,91,001,'2019-02-01 18:04:54',1,'系统管理员','2019-02-02 10:38:38',1,'系统管理员'),
	(89102734931787776,70618387750846464,2,001,'2019-02-01 18:04:54',1,'系统管理员','2019-02-02 10:38:38',1,'系统管理员'),
	(89102734940176384,70618387750846464,14,001,'2019-02-01 18:04:54',1,'系统管理员','2019-02-02 10:38:38',1,'系统管理员'),
	(89102734942273536,70618387750846464,37,001,'2019-02-01 18:04:54',1,'系统管理员','2019-02-02 10:38:38',1,'系统管理员'),
	(89102734944370688,70618387750846464,38,001,'2019-02-01 18:04:54',1,'系统管理员','2019-02-02 10:38:38',1,'系统管理员'),
	(89102734946467840,70618387750846464,39,001,'2019-02-01 18:04:54',1,'系统管理员','2019-02-02 10:38:38',1,'系统管理员'),
	(89102734950662144,70618387750846464,40,001,'2019-02-01 18:04:54',1,'系统管理员','2019-02-02 10:38:38',1,'系统管理员'),
	(89102734956953600,70618387750846464,41,001,'2019-02-01 18:04:54',1,'系统管理员','2019-02-02 10:38:38',1,'系统管理员'),
	(89102734959050752,70618387750846464,42,001,'2019-02-01 18:04:54',1,'系统管理员','2019-02-02 10:38:38',1,'系统管理员'),
	(89102734967439360,70618387750846464,87,001,'2019-02-01 18:04:54',1,'系统管理员','2019-02-02 10:38:38',1,'系统管理员'),
	(89102734969536512,70618387750846464,69,001,'2019-02-01 18:04:54',1,'系统管理员','2019-02-02 10:38:38',1,'系统管理员'),
	(89102734975827968,70618387750846464,79,001,'2019-02-01 18:04:54',1,'系统管理员','2019-02-02 10:38:38',1,'系统管理员'),
	(89102734977925120,70618387750846464,81,001,'2019-02-01 18:04:54',1,'系统管理员','2019-02-02 10:38:38',1,'系统管理员'),
	(89102734984216576,70618387750846464,83,001,'2019-02-01 18:04:54',1,'系统管理员','2019-02-02 10:38:38',1,'系统管理员'),
	(89102734988410880,70618387750846464,80,001,'2019-02-01 18:04:54',1,'系统管理员','2019-02-02 10:38:38',1,'系统管理员'),
	(89227774190944256,70618387750846464,62,001,'2019-02-02 10:38:38',1,'系统管理员','2019-02-02 11:30:30',33101303561322496,'公司管理员'),
	(89227774193041408,70618387750846464,4,001,'2019-02-02 10:38:38',1,'系统管理员','2019-02-02 11:30:30',33101303561322496,'公司管理员'),
	(89227774195138560,70618387750846464,28,001,'2019-02-02 10:38:38',1,'系统管理员','2019-02-02 11:30:30',33101303561322496,'公司管理员'),
	(89227774197235712,70618387750846464,29,001,'2019-02-02 10:38:38',1,'系统管理员','2019-02-02 11:30:30',33101303561322496,'公司管理员'),
	(89227774199332864,70618387750846464,30,001,'2019-02-02 10:38:38',1,'系统管理员','2019-02-02 11:30:30',33101303561322496,'公司管理员'),
	(89227774201430016,70618387750846464,32,001,'2019-02-02 10:38:38',1,'系统管理员','2019-02-02 11:30:30',33101303561322496,'公司管理员'),
	(89227774203527168,70618387750846464,43,001,'2019-02-02 10:38:38',1,'系统管理员','2019-02-02 11:30:30',33101303561322496,'公司管理员'),
	(89227774205624320,70618387750846464,86,001,'2019-02-02 10:38:38',1,'系统管理员','2019-02-02 11:30:30',33101303561322496,'公司管理员'),
	(89227774209818624,70618387750846464,7,001,'2019-02-02 10:38:38',1,'系统管理员','2019-02-02 11:30:30',33101303561322496,'公司管理员'),
	(89227774211915776,70618387750846464,8,001,'2019-02-02 10:38:38',1,'系统管理员','2019-02-02 11:30:30',33101303561322496,'公司管理员'),
	(89227774214012928,70618387750846464,9,001,'2019-02-02 10:38:38',1,'系统管理员','2019-02-02 11:30:30',33101303561322496,'公司管理员'),
	(89227774216110080,70618387750846464,10,001,'2019-02-02 10:38:38',1,'系统管理员','2019-02-02 11:30:30',33101303561322496,'公司管理员'),
	(89227774218207232,70618387750846464,71,001,'2019-02-02 10:38:38',1,'系统管理员','2019-02-02 11:30:30',33101303561322496,'公司管理员'),
	(89227774220304384,70618387750846464,72,001,'2019-02-02 10:38:38',1,'系统管理员','2019-02-02 11:30:30',33101303561322496,'公司管理员'),
	(89227774222401536,70618387750846464,73,001,'2019-02-02 10:38:38',1,'系统管理员','2019-02-02 11:30:30',33101303561322496,'公司管理员'),
	(89227774245470208,70618387750846464,74,001,'2019-02-02 10:38:38',1,'系统管理员','2019-02-02 11:30:30',33101303561322496,'公司管理员'),
	(89227774249664512,70618387750846464,75,001,'2019-02-02 10:38:38',1,'系统管理员','2019-02-02 11:30:30',33101303561322496,'公司管理员'),
	(89227774253858816,70618387750846464,76,001,'2019-02-02 10:38:38',1,'系统管理员','2019-02-02 11:30:30',33101303561322496,'公司管理员'),
	(89227774255955968,70618387750846464,77,001,'2019-02-02 10:38:38',1,'系统管理员','2019-02-02 11:30:30',33101303561322496,'公司管理员'),
	(89227774258053120,70618387750846464,78,001,'2019-02-02 10:38:38',1,'系统管理员','2019-02-02 11:30:30',33101303561322496,'公司管理员'),
	(89227774260150272,70618387750846464,82,001,'2019-02-02 10:38:38',1,'系统管理员','2019-02-02 11:30:30',33101303561322496,'公司管理员'),
	(89227774262247424,70618387750846464,85,001,'2019-02-02 10:38:38',1,'系统管理员','2019-02-02 11:30:30',33101303561322496,'公司管理员'),
	(89227774264344576,70618387750846464,1,001,'2019-02-02 10:38:38',1,'系统管理员','2019-02-02 11:30:30',33101303561322496,'公司管理员'),
	(89227774274830336,70618387750846464,11,001,'2019-02-02 10:38:38',1,'系统管理员','2019-02-02 11:30:30',33101303561322496,'公司管理员'),
	(89227774279024640,70618387750846464,24,001,'2019-02-02 10:38:38',1,'系统管理员','2019-02-02 11:30:30',33101303561322496,'公司管理员'),
	(89227774281121792,70618387750846464,25,001,'2019-02-02 10:38:38',1,'系统管理员','2019-02-02 11:30:30',33101303561322496,'公司管理员'),
	(89227774283218944,70618387750846464,26,001,'2019-02-02 10:38:38',1,'系统管理员','2019-02-02 11:30:30',33101303561322496,'公司管理员'),
	(89227774285316096,70618387750846464,27,001,'2019-02-02 10:38:38',1,'系统管理员','2019-02-02 11:30:30',33101303561322496,'公司管理员'),
	(89227774287413248,70618387750846464,35,001,'2019-02-02 10:38:38',1,'系统管理员','2019-02-02 11:30:30',33101303561322496,'公司管理员'),
	(89227774289510400,70618387750846464,36,001,'2019-02-02 10:38:38',1,'系统管理员','2019-02-02 11:30:30',33101303561322496,'公司管理员'),
	(89227774291607552,70618387750846464,70,001,'2019-02-02 10:38:38',1,'系统管理员','2019-02-02 11:30:30',33101303561322496,'公司管理员'),
	(89227774295801856,70618387750846464,84,001,'2019-02-02 10:38:38',1,'系统管理员','2019-02-02 11:30:30',33101303561322496,'公司管理员'),
	(89227774297899008,70618387750846464,88,001,'2019-02-02 10:38:38',1,'系统管理员','2019-02-02 11:30:30',33101303561322496,'公司管理员'),
	(89227774302093312,70618387750846464,89,001,'2019-02-02 10:38:38',1,'系统管理员','2019-02-02 11:30:30',33101303561322496,'公司管理员'),
	(89227774304190464,70618387750846464,90,001,'2019-02-02 10:38:38',1,'系统管理员','2019-02-02 11:30:30',33101303561322496,'公司管理员'),
	(89227774306287616,70618387750846464,91,001,'2019-02-02 10:38:38',1,'系统管理员','2019-02-02 11:30:30',33101303561322496,'公司管理员'),
	(89227774308384768,70618387750846464,2,001,'2019-02-02 10:38:38',1,'系统管理员','2019-02-02 11:30:30',33101303561322496,'公司管理员'),
	(89227774310481920,70618387750846464,14,001,'2019-02-02 10:38:38',1,'系统管理员','2019-02-02 11:30:30',33101303561322496,'公司管理员'),
	(89227774312579072,70618387750846464,37,001,'2019-02-02 10:38:38',1,'系统管理员','2019-02-02 11:30:30',33101303561322496,'公司管理员'),
	(89227774314676224,70618387750846464,38,001,'2019-02-02 10:38:38',1,'系统管理员','2019-02-02 11:30:30',33101303561322496,'公司管理员'),
	(89227774316773376,70618387750846464,39,001,'2019-02-02 10:38:38',1,'系统管理员','2019-02-02 11:30:30',33101303561322496,'公司管理员'),
	(89227774318870528,70618387750846464,40,001,'2019-02-02 10:38:38',1,'系统管理员','2019-02-02 11:30:30',33101303561322496,'公司管理员'),
	(89227774320967680,70618387750846464,41,001,'2019-02-02 10:38:38',1,'系统管理员','2019-02-02 11:30:30',33101303561322496,'公司管理员'),
	(89227774323064832,70618387750846464,42,001,'2019-02-02 10:38:38',1,'系统管理员','2019-02-02 11:30:30',33101303561322496,'公司管理员'),
	(89227774325161984,70618387750846464,87,001,'2019-02-02 10:38:38',1,'系统管理员','2019-02-02 11:30:30',33101303561322496,'公司管理员'),
	(89227774329356288,70618387750846464,69,001,'2019-02-02 10:38:38',1,'系统管理员','2019-02-02 11:30:30',33101303561322496,'公司管理员'),
	(89227774331453440,70618387750846464,79,001,'2019-02-02 10:38:38',1,'系统管理员','2019-02-02 11:30:30',33101303561322496,'公司管理员'),
	(89227774333550592,70618387750846464,81,001,'2019-02-02 10:38:38',1,'系统管理员','2019-02-02 11:30:30',33101303561322496,'公司管理员'),
	(89227774335647744,70618387750846464,83,001,'2019-02-02 10:38:38',1,'系统管理员','2019-02-02 11:30:30',33101303561322496,'公司管理员'),
	(89227774337744896,70618387750846464,80,001,'2019-02-02 10:38:38',1,'系统管理员','2019-02-02 11:30:30',33101303561322496,'公司管理员'),
	(89234241570734080,1,62,001,'2019-02-02 11:30:02',33101303561322496,'公司管理员','2019-02-02 11:32:50',33101303561322496,'公司管理员'),
	(89234241572831232,1,4,001,'2019-02-02 11:30:02',33101303561322496,'公司管理员','2019-02-02 11:32:50',33101303561322496,'公司管理员'),
	(89234241574928384,1,28,001,'2019-02-02 11:30:02',33101303561322496,'公司管理员','2019-02-02 11:32:50',33101303561322496,'公司管理员'),
	(89234241574928385,1,29,001,'2019-02-02 11:30:02',33101303561322496,'公司管理员','2019-02-02 11:32:50',33101303561322496,'公司管理员'),
	(89234241577025536,1,30,001,'2019-02-02 11:30:02',33101303561322496,'公司管理员','2019-02-02 11:32:50',33101303561322496,'公司管理员'),
	(89234241579122688,1,31,001,'2019-02-02 11:30:02',33101303561322496,'公司管理员','2019-02-02 11:32:50',33101303561322496,'公司管理员'),
	(89234241581219840,1,32,001,'2019-02-02 11:30:02',33101303561322496,'公司管理员','2019-02-02 11:32:50',33101303561322496,'公司管理员'),
	(89234241585414144,1,33,001,'2019-02-02 11:30:02',33101303561322496,'公司管理员','2019-02-02 11:32:50',33101303561322496,'公司管理员'),
	(89234241587511296,1,34,001,'2019-02-02 11:30:02',33101303561322496,'公司管理员','2019-02-02 11:32:50',33101303561322496,'公司管理员'),
	(89234241587511297,1,43,001,'2019-02-02 11:30:02',33101303561322496,'公司管理员','2019-02-02 11:32:50',33101303561322496,'公司管理员'),
	(89234241589608448,1,86,001,'2019-02-02 11:30:02',33101303561322496,'公司管理员','2019-02-02 11:32:50',33101303561322496,'公司管理员'),
	(89234241591705600,1,7,001,'2019-02-02 11:30:02',33101303561322496,'公司管理员','2019-02-02 11:32:50',33101303561322496,'公司管理员'),
	(89234241593802752,1,8,001,'2019-02-02 11:30:02',33101303561322496,'公司管理员','2019-02-02 11:32:50',33101303561322496,'公司管理员'),
	(89234241595899904,1,9,001,'2019-02-02 11:30:02',33101303561322496,'公司管理员','2019-02-02 11:32:50',33101303561322496,'公司管理员'),
	(89234241597997056,1,10,001,'2019-02-02 11:30:02',33101303561322496,'公司管理员','2019-02-02 11:32:50',33101303561322496,'公司管理员'),
	(89234241600094208,1,71,001,'2019-02-02 11:30:02',33101303561322496,'公司管理员','2019-02-02 11:32:50',33101303561322496,'公司管理员'),
	(89234241602191360,1,72,001,'2019-02-02 11:30:02',33101303561322496,'公司管理员','2019-02-02 11:32:50',33101303561322496,'公司管理员'),
	(89234241604288512,1,73,001,'2019-02-02 11:30:02',33101303561322496,'公司管理员','2019-02-02 11:32:50',33101303561322496,'公司管理员'),
	(89234241604288513,1,74,001,'2019-02-02 11:30:02',33101303561322496,'公司管理员','2019-02-02 11:32:50',33101303561322496,'公司管理员'),
	(89234241606385664,1,75,001,'2019-02-02 11:30:02',33101303561322496,'公司管理员','2019-02-02 11:32:50',33101303561322496,'公司管理员'),
	(89234241610579968,1,76,001,'2019-02-02 11:30:02',33101303561322496,'公司管理员','2019-02-02 11:32:50',33101303561322496,'公司管理员'),
	(89234241612677120,1,77,001,'2019-02-02 11:30:02',33101303561322496,'公司管理员','2019-02-02 11:32:50',33101303561322496,'公司管理员'),
	(89234241614774272,1,78,001,'2019-02-02 11:30:02',33101303561322496,'公司管理员','2019-02-02 11:32:50',33101303561322496,'公司管理员'),
	(89234241614774273,1,82,001,'2019-02-02 11:30:02',33101303561322496,'公司管理员','2019-02-02 11:32:50',33101303561322496,'公司管理员'),
	(89234241616871424,1,85,001,'2019-02-02 11:30:02',33101303561322496,'公司管理员','2019-02-02 11:32:50',33101303561322496,'公司管理员'),
	(89234241618968576,1,1,001,'2019-02-02 11:30:02',33101303561322496,'公司管理员','2019-02-02 11:32:50',33101303561322496,'公司管理员'),
	(89234241621065728,1,11,001,'2019-02-02 11:30:02',33101303561322496,'公司管理员','2019-02-02 11:32:50',33101303561322496,'公司管理员'),
	(89234241623162880,1,24,001,'2019-02-02 11:30:02',33101303561322496,'公司管理员','2019-02-02 11:32:50',33101303561322496,'公司管理员'),
	(89234241625260032,1,25,001,'2019-02-02 11:30:02',33101303561322496,'公司管理员','2019-02-02 11:32:50',33101303561322496,'公司管理员'),
	(89234241627357184,1,26,001,'2019-02-02 11:30:02',33101303561322496,'公司管理员','2019-02-02 11:32:50',33101303561322496,'公司管理员'),
	(89234241629454336,1,27,001,'2019-02-02 11:30:02',33101303561322496,'公司管理员','2019-02-02 11:32:50',33101303561322496,'公司管理员'),
	(89234241631551488,1,35,001,'2019-02-02 11:30:02',33101303561322496,'公司管理员','2019-02-02 11:32:50',33101303561322496,'公司管理员'),
	(89234241633648640,1,36,001,'2019-02-02 11:30:02',33101303561322496,'公司管理员','2019-02-02 11:32:50',33101303561322496,'公司管理员'),
	(89234241633648641,1,70,001,'2019-02-02 11:30:02',33101303561322496,'公司管理员','2019-02-02 11:32:50',33101303561322496,'公司管理员'),
	(89234241635745792,1,84,001,'2019-02-02 11:30:02',33101303561322496,'公司管理员','2019-02-02 11:32:50',33101303561322496,'公司管理员'),
	(89234241637842944,1,88,001,'2019-02-02 11:30:02',33101303561322496,'公司管理员','2019-02-02 11:32:50',33101303561322496,'公司管理员'),
	(89234241639940096,1,89,001,'2019-02-02 11:30:02',33101303561322496,'公司管理员','2019-02-02 11:32:50',33101303561322496,'公司管理员'),
	(89234241642037248,1,90,001,'2019-02-02 11:30:02',33101303561322496,'公司管理员','2019-02-02 11:32:50',33101303561322496,'公司管理员'),
	(89234241644134400,1,91,001,'2019-02-02 11:30:02',33101303561322496,'公司管理员','2019-02-02 11:32:50',33101303561322496,'公司管理员'),
	(89234241646231552,1,2,001,'2019-02-02 11:30:02',33101303561322496,'公司管理员','2019-02-02 11:32:50',33101303561322496,'公司管理员'),
	(89234241648328704,1,14,001,'2019-02-02 11:30:02',33101303561322496,'公司管理员','2019-02-02 11:32:50',33101303561322496,'公司管理员'),
	(89234241648328705,1,37,001,'2019-02-02 11:30:02',33101303561322496,'公司管理员','2019-02-02 11:32:50',33101303561322496,'公司管理员'),
	(89234241650425856,1,38,001,'2019-02-02 11:30:02',33101303561322496,'公司管理员','2019-02-02 11:32:50',33101303561322496,'公司管理员'),
	(89234241652523008,1,39,001,'2019-02-02 11:30:02',33101303561322496,'公司管理员','2019-02-02 11:32:50',33101303561322496,'公司管理员'),
	(89234241654620160,1,40,001,'2019-02-02 11:30:02',33101303561322496,'公司管理员','2019-02-02 11:32:50',33101303561322496,'公司管理员'),
	(89234241654620161,1,41,001,'2019-02-02 11:30:02',33101303561322496,'公司管理员','2019-02-02 11:32:50',33101303561322496,'公司管理员'),
	(89234241656717312,1,42,001,'2019-02-02 11:30:02',33101303561322496,'公司管理员','2019-02-02 11:32:50',33101303561322496,'公司管理员'),
	(89234241658814464,1,87,001,'2019-02-02 11:30:02',33101303561322496,'公司管理员','2019-02-02 11:32:50',33101303561322496,'公司管理员'),
	(89234241660911616,1,20,001,'2019-02-02 11:30:02',33101303561322496,'公司管理员','2019-02-02 11:32:50',33101303561322496,'公司管理员'),
	(89234241663008768,1,6,001,'2019-02-02 11:30:02',33101303561322496,'公司管理员','2019-02-02 11:32:50',33101303561322496,'公司管理员'),
	(89234241667203072,1,63,001,'2019-02-02 11:30:02',33101303561322496,'公司管理员','2019-02-02 11:32:50',33101303561322496,'公司管理员'),
	(89234241669300224,1,64,001,'2019-02-02 11:30:02',33101303561322496,'公司管理员','2019-02-02 11:32:50',33101303561322496,'公司管理员'),
	(89234241671397376,1,65,001,'2019-02-02 11:30:02',33101303561322496,'公司管理员','2019-02-02 11:32:50',33101303561322496,'公司管理员'),
	(89234241671397377,1,66,001,'2019-02-02 11:30:02',33101303561322496,'公司管理员','2019-02-02 11:32:50',33101303561322496,'公司管理员'),
	(89234241673494528,1,67,001,'2019-02-02 11:30:02',33101303561322496,'公司管理员','2019-02-02 11:32:50',33101303561322496,'公司管理员'),
	(89234241675591680,1,68,001,'2019-02-02 11:30:02',33101303561322496,'公司管理员','2019-02-02 11:32:50',33101303561322496,'公司管理员'),
	(89234241677688832,1,69,001,'2019-02-02 11:30:02',33101303561322496,'公司管理员','2019-02-02 11:32:50',33101303561322496,'公司管理员'),
	(89234241679785984,1,79,001,'2019-02-02 11:30:02',33101303561322496,'公司管理员','2019-02-02 11:32:50',33101303561322496,'公司管理员'),
	(89234241681883136,1,81,001,'2019-02-02 11:30:02',33101303561322496,'公司管理员','2019-02-02 11:32:50',33101303561322496,'公司管理员'),
	(89234241686077440,1,83,001,'2019-02-02 11:30:02',33101303561322496,'公司管理员','2019-02-02 11:32:50',33101303561322496,'公司管理员'),
	(89234241688174592,1,80,001,'2019-02-02 11:30:02',33101303561322496,'公司管理员','2019-02-02 11:32:50',33101303561322496,'公司管理员'),
	(89234300500705280,70618387750846464,62,001,'2019-02-02 11:30:30',33101303561322496,'公司管理员','2019-02-02 11:34:00',33101303561322496,'公司管理员'),
	(89234300502802432,70618387750846464,4,001,'2019-02-02 11:30:30',33101303561322496,'公司管理员','2019-02-02 11:34:00',33101303561322496,'公司管理员'),
	(89234300504899584,70618387750846464,28,001,'2019-02-02 11:30:30',33101303561322496,'公司管理员','2019-02-02 11:34:00',33101303561322496,'公司管理员'),
	(89234300509093888,70618387750846464,29,001,'2019-02-02 11:30:30',33101303561322496,'公司管理员','2019-02-02 11:34:00',33101303561322496,'公司管理员'),
	(89234300509093889,70618387750846464,30,001,'2019-02-02 11:30:30',33101303561322496,'公司管理员','2019-02-02 11:34:00',33101303561322496,'公司管理员'),
	(89234300513288192,70618387750846464,32,001,'2019-02-02 11:30:30',33101303561322496,'公司管理员','2019-02-02 11:34:00',33101303561322496,'公司管理员'),
	(89234300513288193,70618387750846464,43,001,'2019-02-02 11:30:30',33101303561322496,'公司管理员','2019-02-02 11:34:00',33101303561322496,'公司管理员'),
	(89234300515385344,70618387750846464,86,001,'2019-02-02 11:30:30',33101303561322496,'公司管理员','2019-02-02 11:34:00',33101303561322496,'公司管理员'),
	(89234300517482496,70618387750846464,7,001,'2019-02-02 11:30:30',33101303561322496,'公司管理员','2019-02-02 11:34:00',33101303561322496,'公司管理员'),
	(89234300519579648,70618387750846464,8,001,'2019-02-02 11:30:30',33101303561322496,'公司管理员','2019-02-02 11:34:00',33101303561322496,'公司管理员'),
	(89234300521676800,70618387750846464,9,001,'2019-02-02 11:30:30',33101303561322496,'公司管理员','2019-02-02 11:34:00',33101303561322496,'公司管理员'),
	(89234300527968256,70618387750846464,10,001,'2019-02-02 11:30:30',33101303561322496,'公司管理员','2019-02-02 11:34:00',33101303561322496,'公司管理员'),
	(89234300527968257,70618387750846464,71,001,'2019-02-02 11:30:30',33101303561322496,'公司管理员','2019-02-02 11:34:00',33101303561322496,'公司管理员'),
	(89234300530065408,70618387750846464,72,001,'2019-02-02 11:30:30',33101303561322496,'公司管理员','2019-02-02 11:34:00',33101303561322496,'公司管理员'),
	(89234300532162560,70618387750846464,73,001,'2019-02-02 11:30:30',33101303561322496,'公司管理员','2019-02-02 11:34:00',33101303561322496,'公司管理员'),
	(89234300534259712,70618387750846464,74,001,'2019-02-02 11:30:30',33101303561322496,'公司管理员','2019-02-02 11:34:00',33101303561322496,'公司管理员'),
	(89234300534259713,70618387750846464,75,001,'2019-02-02 11:30:30',33101303561322496,'公司管理员','2019-02-02 11:34:00',33101303561322496,'公司管理员'),
	(89234300536356864,70618387750846464,76,001,'2019-02-02 11:30:30',33101303561322496,'公司管理员','2019-02-02 11:34:00',33101303561322496,'公司管理员'),
	(89234300538454016,70618387750846464,77,001,'2019-02-02 11:30:30',33101303561322496,'公司管理员','2019-02-02 11:34:00',33101303561322496,'公司管理员'),
	(89234300540551168,70618387750846464,78,001,'2019-02-02 11:30:30',33101303561322496,'公司管理员','2019-02-02 11:34:00',33101303561322496,'公司管理员'),
	(89234300540551169,70618387750846464,82,001,'2019-02-02 11:30:30',33101303561322496,'公司管理员','2019-02-02 11:34:00',33101303561322496,'公司管理员'),
	(89234300542648320,70618387750846464,85,001,'2019-02-02 11:30:30',33101303561322496,'公司管理员','2019-02-02 11:34:00',33101303561322496,'公司管理员'),
	(89234300544745472,70618387750846464,1,001,'2019-02-02 11:30:30',33101303561322496,'公司管理员','2019-02-02 11:34:00',33101303561322496,'公司管理员'),
	(89234300546842624,70618387750846464,11,001,'2019-02-02 11:30:30',33101303561322496,'公司管理员','2019-02-02 11:34:00',33101303561322496,'公司管理员'),
	(89234300548939776,70618387750846464,24,001,'2019-02-02 11:30:30',33101303561322496,'公司管理员','2019-02-02 11:34:00',33101303561322496,'公司管理员'),
	(89234300551036928,70618387750846464,25,001,'2019-02-02 11:30:30',33101303561322496,'公司管理员','2019-02-02 11:34:00',33101303561322496,'公司管理员'),
	(89234300551036929,70618387750846464,26,001,'2019-02-02 11:30:30',33101303561322496,'公司管理员','2019-02-02 11:34:00',33101303561322496,'公司管理员'),
	(89234300553134080,70618387750846464,27,001,'2019-02-02 11:30:30',33101303561322496,'公司管理员','2019-02-02 11:34:00',33101303561322496,'公司管理员'),
	(89234300555231232,70618387750846464,35,001,'2019-02-02 11:30:30',33101303561322496,'公司管理员','2019-02-02 11:34:00',33101303561322496,'公司管理员'),
	(89234300557328384,70618387750846464,36,001,'2019-02-02 11:30:30',33101303561322496,'公司管理员','2019-02-02 11:34:00',33101303561322496,'公司管理员'),
	(89234300559425536,70618387750846464,70,001,'2019-02-02 11:30:30',33101303561322496,'公司管理员','2019-02-02 11:34:00',33101303561322496,'公司管理员'),
	(89234300561522688,70618387750846464,84,001,'2019-02-02 11:30:30',33101303561322496,'公司管理员','2019-02-02 11:34:00',33101303561322496,'公司管理员'),
	(89234300563619840,70618387750846464,88,001,'2019-02-02 11:30:30',33101303561322496,'公司管理员','2019-02-02 11:34:00',33101303561322496,'公司管理员'),
	(89234300565716992,70618387750846464,89,001,'2019-02-02 11:30:30',33101303561322496,'公司管理员','2019-02-02 11:34:00',33101303561322496,'公司管理员'),
	(89234300565716993,70618387750846464,90,001,'2019-02-02 11:30:30',33101303561322496,'公司管理员','2019-02-02 11:34:00',33101303561322496,'公司管理员'),
	(89234300567814144,70618387750846464,91,001,'2019-02-02 11:30:30',33101303561322496,'公司管理员','2019-02-02 11:34:00',33101303561322496,'公司管理员'),
	(89234300569911296,70618387750846464,2,001,'2019-02-02 11:30:30',33101303561322496,'公司管理员','2019-02-02 11:34:00',33101303561322496,'公司管理员'),
	(89234300572008448,70618387750846464,14,001,'2019-02-02 11:30:30',33101303561322496,'公司管理员','2019-02-02 11:34:00',33101303561322496,'公司管理员'),
	(89234300572008449,70618387750846464,37,001,'2019-02-02 11:30:30',33101303561322496,'公司管理员','2019-02-02 11:34:00',33101303561322496,'公司管理员'),
	(89234300574105600,70618387750846464,38,001,'2019-02-02 11:30:30',33101303561322496,'公司管理员','2019-02-02 11:34:00',33101303561322496,'公司管理员'),
	(89234300576202752,70618387750846464,39,001,'2019-02-02 11:30:30',33101303561322496,'公司管理员','2019-02-02 11:34:00',33101303561322496,'公司管理员'),
	(89234300578299904,70618387750846464,40,001,'2019-02-02 11:30:30',33101303561322496,'公司管理员','2019-02-02 11:34:00',33101303561322496,'公司管理员'),
	(89234300580397056,70618387750846464,41,001,'2019-02-02 11:30:30',33101303561322496,'公司管理员','2019-02-02 11:34:00',33101303561322496,'公司管理员'),
	(89234300580397057,70618387750846464,42,001,'2019-02-02 11:30:30',33101303561322496,'公司管理员','2019-02-02 11:34:00',33101303561322496,'公司管理员'),
	(89234300582494208,70618387750846464,87,001,'2019-02-02 11:30:30',33101303561322496,'公司管理员','2019-02-02 11:34:00',33101303561322496,'公司管理员'),
	(89234300584591360,70618387750846464,69,001,'2019-02-02 11:30:30',33101303561322496,'公司管理员','2019-02-02 11:34:00',33101303561322496,'公司管理员'),
	(89234300584591361,70618387750846464,79,001,'2019-02-02 11:30:30',33101303561322496,'公司管理员','2019-02-02 11:34:00',33101303561322496,'公司管理员'),
	(89234300586688512,70618387750846464,81,001,'2019-02-02 11:30:30',33101303561322496,'公司管理员','2019-02-02 11:34:00',33101303561322496,'公司管理员'),
	(89234300588785664,70618387750846464,83,001,'2019-02-02 11:30:30',33101303561322496,'公司管理员','2019-02-02 11:34:00',33101303561322496,'公司管理员'),
	(89234300590882816,70618387750846464,80,001,'2019-02-02 11:30:30',33101303561322496,'公司管理员','2019-02-02 11:34:00',33101303561322496,'公司管理员'),
	(89234595083452416,1,62,001,'2019-02-02 11:32:50',33101303561322496,'公司管理员','2019-02-02 11:33:21',33101303561322496,'公司管理员'),
	(89234595085549568,1,4,001,'2019-02-02 11:32:50',33101303561322496,'公司管理员','2019-02-02 11:33:21',33101303561322496,'公司管理员'),
	(89234595087646720,1,28,001,'2019-02-02 11:32:50',33101303561322496,'公司管理员','2019-02-02 11:33:21',33101303561322496,'公司管理员'),
	(89234595089743872,1,29,001,'2019-02-02 11:32:50',33101303561322496,'公司管理员','2019-02-02 11:33:21',33101303561322496,'公司管理员'),
	(89234595093938176,1,30,001,'2019-02-02 11:32:50',33101303561322496,'公司管理员','2019-02-02 11:33:21',33101303561322496,'公司管理员'),
	(89234595096035328,1,31,001,'2019-02-02 11:32:50',33101303561322496,'公司管理员','2019-02-02 11:33:21',33101303561322496,'公司管理员'),
	(89234595098132480,1,32,001,'2019-02-02 11:32:50',33101303561322496,'公司管理员','2019-02-02 11:33:21',33101303561322496,'公司管理员'),
	(89234595100229632,1,33,001,'2019-02-02 11:32:50',33101303561322496,'公司管理员','2019-02-02 11:33:21',33101303561322496,'公司管理员'),
	(89234595102326784,1,34,001,'2019-02-02 11:32:50',33101303561322496,'公司管理员','2019-02-02 11:33:21',33101303561322496,'公司管理员'),
	(89234595104423936,1,43,001,'2019-02-02 11:32:50',33101303561322496,'公司管理员','2019-02-02 11:33:21',33101303561322496,'公司管理员'),
	(89234595106521088,1,86,001,'2019-02-02 11:32:50',33101303561322496,'公司管理员','2019-02-02 11:33:21',33101303561322496,'公司管理员'),
	(89234595106521089,1,7,001,'2019-02-02 11:32:50',33101303561322496,'公司管理员','2019-02-02 11:33:21',33101303561322496,'公司管理员'),
	(89234595108618240,1,8,001,'2019-02-02 11:32:50',33101303561322496,'公司管理员','2019-02-02 11:33:21',33101303561322496,'公司管理员'),
	(89234595110715392,1,9,001,'2019-02-02 11:32:50',33101303561322496,'公司管理员','2019-02-02 11:33:21',33101303561322496,'公司管理员'),
	(89234595112812544,1,10,001,'2019-02-02 11:32:50',33101303561322496,'公司管理员','2019-02-02 11:33:21',33101303561322496,'公司管理员'),
	(89234595114909696,1,71,001,'2019-02-02 11:32:50',33101303561322496,'公司管理员','2019-02-02 11:33:21',33101303561322496,'公司管理员'),
	(89234595114909697,1,72,001,'2019-02-02 11:32:50',33101303561322496,'公司管理员','2019-02-02 11:33:21',33101303561322496,'公司管理员'),
	(89234595117006848,1,73,001,'2019-02-02 11:32:50',33101303561322496,'公司管理员','2019-02-02 11:33:21',33101303561322496,'公司管理员'),
	(89234595119104000,1,74,001,'2019-02-02 11:32:50',33101303561322496,'公司管理员','2019-02-02 11:33:21',33101303561322496,'公司管理员'),
	(89234595121201152,1,75,001,'2019-02-02 11:32:50',33101303561322496,'公司管理员','2019-02-02 11:33:21',33101303561322496,'公司管理员'),
	(89234595123298304,1,76,001,'2019-02-02 11:32:50',33101303561322496,'公司管理员','2019-02-02 11:33:21',33101303561322496,'公司管理员'),
	(89234595125395456,1,77,001,'2019-02-02 11:32:50',33101303561322496,'公司管理员','2019-02-02 11:33:21',33101303561322496,'公司管理员'),
	(89234595127492608,1,78,001,'2019-02-02 11:32:50',33101303561322496,'公司管理员','2019-02-02 11:33:21',33101303561322496,'公司管理员'),
	(89234595129589760,1,82,001,'2019-02-02 11:32:50',33101303561322496,'公司管理员','2019-02-02 11:33:21',33101303561322496,'公司管理员'),
	(89234595131686912,1,85,001,'2019-02-02 11:32:50',33101303561322496,'公司管理员','2019-02-02 11:33:21',33101303561322496,'公司管理员'),
	(89234595133784064,1,1,001,'2019-02-02 11:32:50',33101303561322496,'公司管理员','2019-02-02 11:33:21',33101303561322496,'公司管理员'),
	(89234595135881216,1,11,001,'2019-02-02 11:32:50',33101303561322496,'公司管理员','2019-02-02 11:33:21',33101303561322496,'公司管理员'),
	(89234595137978368,1,24,001,'2019-02-02 11:32:50',33101303561322496,'公司管理员','2019-02-02 11:33:21',33101303561322496,'公司管理员'),
	(89234595137978369,1,25,001,'2019-02-02 11:32:50',33101303561322496,'公司管理员','2019-02-02 11:33:21',33101303561322496,'公司管理员'),
	(89234595140075520,1,26,001,'2019-02-02 11:32:50',33101303561322496,'公司管理员','2019-02-02 11:33:21',33101303561322496,'公司管理员'),
	(89234595142172672,1,27,001,'2019-02-02 11:32:50',33101303561322496,'公司管理员','2019-02-02 11:33:21',33101303561322496,'公司管理员'),
	(89234595144269824,1,35,001,'2019-02-02 11:32:50',33101303561322496,'公司管理员','2019-02-02 11:33:21',33101303561322496,'公司管理员'),
	(89234595146366976,1,36,001,'2019-02-02 11:32:50',33101303561322496,'公司管理员','2019-02-02 11:33:21',33101303561322496,'公司管理员'),
	(89234595146366977,1,70,001,'2019-02-02 11:32:50',33101303561322496,'公司管理员','2019-02-02 11:33:21',33101303561322496,'公司管理员'),
	(89234595148464128,1,84,001,'2019-02-02 11:32:50',33101303561322496,'公司管理员','2019-02-02 11:33:21',33101303561322496,'公司管理员'),
	(89234595152658432,1,88,001,'2019-02-02 11:32:50',33101303561322496,'公司管理员','2019-02-02 11:33:21',33101303561322496,'公司管理员'),
	(89234595154755584,1,89,001,'2019-02-02 11:32:50',33101303561322496,'公司管理员','2019-02-02 11:33:21',33101303561322496,'公司管理员'),
	(89234595156852736,1,90,001,'2019-02-02 11:32:50',33101303561322496,'公司管理员','2019-02-02 11:33:21',33101303561322496,'公司管理员'),
	(89234595158949888,1,91,001,'2019-02-02 11:32:50',33101303561322496,'公司管理员','2019-02-02 11:33:21',33101303561322496,'公司管理员'),
	(89234595161047040,1,2,001,'2019-02-02 11:32:50',33101303561322496,'公司管理员','2019-02-02 11:33:21',33101303561322496,'公司管理员'),
	(89234595163144192,1,14,001,'2019-02-02 11:32:50',33101303561322496,'公司管理员','2019-02-02 11:33:21',33101303561322496,'公司管理员'),
	(89234595165241344,1,37,001,'2019-02-02 11:32:50',33101303561322496,'公司管理员','2019-02-02 11:33:21',33101303561322496,'公司管理员'),
	(89234595167338496,1,38,001,'2019-02-02 11:32:50',33101303561322496,'公司管理员','2019-02-02 11:33:21',33101303561322496,'公司管理员'),
	(89234595167338497,1,39,001,'2019-02-02 11:32:50',33101303561322496,'公司管理员','2019-02-02 11:33:21',33101303561322496,'公司管理员'),
	(89234595169435648,1,40,001,'2019-02-02 11:32:50',33101303561322496,'公司管理员','2019-02-02 11:33:21',33101303561322496,'公司管理员'),
	(89234595171532800,1,41,001,'2019-02-02 11:32:50',33101303561322496,'公司管理员','2019-02-02 11:33:21',33101303561322496,'公司管理员'),
	(89234595173629952,1,42,001,'2019-02-02 11:32:50',33101303561322496,'公司管理员','2019-02-02 11:33:21',33101303561322496,'公司管理员'),
	(89234595175727104,1,87,001,'2019-02-02 11:32:50',33101303561322496,'公司管理员','2019-02-02 11:33:21',33101303561322496,'公司管理员'),
	(89234595177824256,1,20,001,'2019-02-02 11:32:50',33101303561322496,'公司管理员','2019-02-02 11:33:21',33101303561322496,'公司管理员'),
	(89234595179921408,1,6,001,'2019-02-02 11:32:50',33101303561322496,'公司管理员','2019-02-02 11:33:21',33101303561322496,'公司管理员'),
	(89234595182018560,1,63,001,'2019-02-02 11:32:50',33101303561322496,'公司管理员','2019-02-02 11:33:21',33101303561322496,'公司管理员'),
	(89234595184115712,1,64,001,'2019-02-02 11:32:50',33101303561322496,'公司管理员','2019-02-02 11:33:21',33101303561322496,'公司管理员'),
	(89234595186212864,1,65,001,'2019-02-02 11:32:50',33101303561322496,'公司管理员','2019-02-02 11:33:21',33101303561322496,'公司管理员'),
	(89234595186212865,1,66,001,'2019-02-02 11:32:50',33101303561322496,'公司管理员','2019-02-02 11:33:21',33101303561322496,'公司管理员'),
	(89234595188310016,1,67,001,'2019-02-02 11:32:50',33101303561322496,'公司管理员','2019-02-02 11:33:21',33101303561322496,'公司管理员'),
	(89234595190407168,1,68,001,'2019-02-02 11:32:50',33101303561322496,'公司管理员','2019-02-02 11:33:21',33101303561322496,'公司管理员'),
	(89234595192504320,1,69,001,'2019-02-02 11:32:50',33101303561322496,'公司管理员','2019-02-02 11:33:21',33101303561322496,'公司管理员'),
	(89234595192504321,1,79,001,'2019-02-02 11:32:50',33101303561322496,'公司管理员','2019-02-02 11:33:21',33101303561322496,'公司管理员'),
	(89234595194601472,1,81,001,'2019-02-02 11:32:50',33101303561322496,'公司管理员','2019-02-02 11:33:21',33101303561322496,'公司管理员'),
	(89234595196698624,1,83,001,'2019-02-02 11:32:50',33101303561322496,'公司管理员','2019-02-02 11:33:21',33101303561322496,'公司管理员'),
	(89234595198795776,1,80,001,'2019-02-02 11:32:50',33101303561322496,'公司管理员','2019-02-02 11:33:21',33101303561322496,'公司管理员'),
	(89234658987868160,1,62,001,'2019-02-02 11:33:21',33101303561322496,'公司管理员','2019-02-02 11:46:34',33101303561322496,'公司管理员'),
	(89234658989965312,1,4,001,'2019-02-02 11:33:21',33101303561322496,'公司管理员','2019-02-02 11:46:34',33101303561322496,'公司管理员'),
	(89234658992062464,1,28,001,'2019-02-02 11:33:21',33101303561322496,'公司管理员','2019-02-02 11:46:34',33101303561322496,'公司管理员'),
	(89234658994159616,1,29,001,'2019-02-02 11:33:21',33101303561322496,'公司管理员','2019-02-02 11:46:34',33101303561322496,'公司管理员'),
	(89234658998353920,1,30,001,'2019-02-02 11:33:21',33101303561322496,'公司管理员','2019-02-02 11:46:34',33101303561322496,'公司管理员'),
	(89234659000451072,1,31,001,'2019-02-02 11:33:21',33101303561322496,'公司管理员','2019-02-02 11:46:34',33101303561322496,'公司管理员'),
	(89234659000451073,1,32,001,'2019-02-02 11:33:21',33101303561322496,'公司管理员','2019-02-02 11:46:34',33101303561322496,'公司管理员'),
	(89234659002548224,1,33,001,'2019-02-02 11:33:21',33101303561322496,'公司管理员','2019-02-02 11:46:34',33101303561322496,'公司管理员'),
	(89234659004645376,1,34,001,'2019-02-02 11:33:21',33101303561322496,'公司管理员','2019-02-02 11:46:34',33101303561322496,'公司管理员'),
	(89234659006742528,1,43,001,'2019-02-02 11:33:21',33101303561322496,'公司管理员','2019-02-02 11:46:34',33101303561322496,'公司管理员'),
	(89234659008839680,1,86,001,'2019-02-02 11:33:21',33101303561322496,'公司管理员','2019-02-02 11:46:34',33101303561322496,'公司管理员'),
	(89234659008839681,1,7,001,'2019-02-02 11:33:21',33101303561322496,'公司管理员','2019-02-02 11:46:34',33101303561322496,'公司管理员'),
	(89234659010936832,1,8,001,'2019-02-02 11:33:21',33101303561322496,'公司管理员','2019-02-02 11:46:34',33101303561322496,'公司管理员'),
	(89234659013033984,1,9,001,'2019-02-02 11:33:21',33101303561322496,'公司管理员','2019-02-02 11:46:34',33101303561322496,'公司管理员'),
	(89234659015131136,1,10,001,'2019-02-02 11:33:21',33101303561322496,'公司管理员','2019-02-02 11:46:34',33101303561322496,'公司管理员'),
	(89234659017228288,1,71,001,'2019-02-02 11:33:21',33101303561322496,'公司管理员','2019-02-02 11:46:34',33101303561322496,'公司管理员'),
	(89234659017228289,1,72,001,'2019-02-02 11:33:21',33101303561322496,'公司管理员','2019-02-02 11:46:34',33101303561322496,'公司管理员'),
	(89234659019325440,1,73,001,'2019-02-02 11:33:21',33101303561322496,'公司管理员','2019-02-02 11:46:34',33101303561322496,'公司管理员'),
	(89234659021422592,1,74,001,'2019-02-02 11:33:21',33101303561322496,'公司管理员','2019-02-02 11:46:34',33101303561322496,'公司管理员'),
	(89234659023519744,1,75,001,'2019-02-02 11:33:21',33101303561322496,'公司管理员','2019-02-02 11:46:34',33101303561322496,'公司管理员'),
	(89234659025616896,1,76,001,'2019-02-02 11:33:21',33101303561322496,'公司管理员','2019-02-02 11:46:34',33101303561322496,'公司管理员'),
	(89234659027714048,1,77,001,'2019-02-02 11:33:21',33101303561322496,'公司管理员','2019-02-02 11:46:34',33101303561322496,'公司管理员'),
	(89234659027714049,1,78,001,'2019-02-02 11:33:21',33101303561322496,'公司管理员','2019-02-02 11:46:34',33101303561322496,'公司管理员'),
	(89234659029811200,1,82,001,'2019-02-02 11:33:21',33101303561322496,'公司管理员','2019-02-02 11:46:34',33101303561322496,'公司管理员'),
	(89234659031908352,1,85,001,'2019-02-02 11:33:21',33101303561322496,'公司管理员','2019-02-02 11:46:34',33101303561322496,'公司管理员'),
	(89234659034005504,1,1,001,'2019-02-02 11:33:21',33101303561322496,'公司管理员','2019-02-02 11:46:34',33101303561322496,'公司管理员'),
	(89234659034005505,1,11,001,'2019-02-02 11:33:21',33101303561322496,'公司管理员','2019-02-02 11:46:34',33101303561322496,'公司管理员'),
	(89234659036102656,1,24,001,'2019-02-02 11:33:21',33101303561322496,'公司管理员','2019-02-02 11:46:34',33101303561322496,'公司管理员'),
	(89234659038199808,1,25,001,'2019-02-02 11:33:21',33101303561322496,'公司管理员','2019-02-02 11:46:34',33101303561322496,'公司管理员'),
	(89234659040296960,1,26,001,'2019-02-02 11:33:21',33101303561322496,'公司管理员','2019-02-02 11:46:34',33101303561322496,'公司管理员'),
	(89234659042394112,1,27,001,'2019-02-02 11:33:21',33101303561322496,'公司管理员','2019-02-02 11:46:34',33101303561322496,'公司管理员'),
	(89234659044491264,1,35,001,'2019-02-02 11:33:21',33101303561322496,'公司管理员','2019-02-02 11:46:34',33101303561322496,'公司管理员'),
	(89234659044491265,1,36,001,'2019-02-02 11:33:21',33101303561322496,'公司管理员','2019-02-02 11:46:34',33101303561322496,'公司管理员'),
	(89234659046588416,1,70,001,'2019-02-02 11:33:21',33101303561322496,'公司管理员','2019-02-02 11:46:34',33101303561322496,'公司管理员'),
	(89234659048685568,1,84,001,'2019-02-02 11:33:21',33101303561322496,'公司管理员','2019-02-02 11:46:34',33101303561322496,'公司管理员'),
	(89234659050782720,1,88,001,'2019-02-02 11:33:21',33101303561322496,'公司管理员','2019-02-02 11:46:34',33101303561322496,'公司管理员'),
	(89234659050782721,1,89,001,'2019-02-02 11:33:21',33101303561322496,'公司管理员','2019-02-02 11:46:34',33101303561322496,'公司管理员'),
	(89234659052879872,1,90,001,'2019-02-02 11:33:21',33101303561322496,'公司管理员','2019-02-02 11:46:34',33101303561322496,'公司管理员'),
	(89234659054977024,1,91,001,'2019-02-02 11:33:21',33101303561322496,'公司管理员','2019-02-02 11:46:34',33101303561322496,'公司管理员'),
	(89234659054977025,1,2,001,'2019-02-02 11:33:21',33101303561322496,'公司管理员','2019-02-02 11:46:34',33101303561322496,'公司管理员'),
	(89234659057074176,1,14,001,'2019-02-02 11:33:21',33101303561322496,'公司管理员','2019-02-02 11:46:34',33101303561322496,'公司管理员'),
	(89234659059171328,1,37,001,'2019-02-02 11:33:21',33101303561322496,'公司管理员','2019-02-02 11:46:34',33101303561322496,'公司管理员'),
	(89234659061268480,1,38,001,'2019-02-02 11:33:21',33101303561322496,'公司管理员','2019-02-02 11:46:34',33101303561322496,'公司管理员'),
	(89234659061268481,1,39,001,'2019-02-02 11:33:21',33101303561322496,'公司管理员','2019-02-02 11:46:34',33101303561322496,'公司管理员'),
	(89234659063365632,1,40,001,'2019-02-02 11:33:21',33101303561322496,'公司管理员','2019-02-02 11:46:34',33101303561322496,'公司管理员'),
	(89234659065462784,1,41,001,'2019-02-02 11:33:21',33101303561322496,'公司管理员','2019-02-02 11:46:34',33101303561322496,'公司管理员'),
	(89234659067559936,1,42,001,'2019-02-02 11:33:21',33101303561322496,'公司管理员','2019-02-02 11:46:34',33101303561322496,'公司管理员'),
	(89234659067559937,1,87,001,'2019-02-02 11:33:21',33101303561322496,'公司管理员','2019-02-02 11:46:34',33101303561322496,'公司管理员'),
	(89234659069657088,1,20,001,'2019-02-02 11:33:21',33101303561322496,'公司管理员','2019-02-02 11:46:34',33101303561322496,'公司管理员'),
	(89234659071754240,1,6,001,'2019-02-02 11:33:21',33101303561322496,'公司管理员','2019-02-02 11:46:34',33101303561322496,'公司管理员'),
	(89234659073851392,1,63,001,'2019-02-02 11:33:21',33101303561322496,'公司管理员','2019-02-02 11:46:34',33101303561322496,'公司管理员'),
	(89234659073851393,1,64,001,'2019-02-02 11:33:21',33101303561322496,'公司管理员','2019-02-02 11:46:34',33101303561322496,'公司管理员'),
	(89234659075948544,1,65,001,'2019-02-02 11:33:21',33101303561322496,'公司管理员','2019-02-02 11:46:34',33101303561322496,'公司管理员'),
	(89234659078045696,1,66,001,'2019-02-02 11:33:21',33101303561322496,'公司管理员','2019-02-02 11:46:34',33101303561322496,'公司管理员'),
	(89234659078045697,1,67,001,'2019-02-02 11:33:21',33101303561322496,'公司管理员','2019-02-02 11:46:34',33101303561322496,'公司管理员'),
	(89234659080142848,1,68,001,'2019-02-02 11:33:21',33101303561322496,'公司管理员','2019-02-02 11:46:34',33101303561322496,'公司管理员'),
	(89234659082240000,1,69,001,'2019-02-02 11:33:21',33101303561322496,'公司管理员','2019-02-02 11:46:34',33101303561322496,'公司管理员'),
	(89234659084337152,1,79,001,'2019-02-02 11:33:21',33101303561322496,'公司管理员','2019-02-02 11:46:34',33101303561322496,'公司管理员'),
	(89234659084337153,1,81,001,'2019-02-02 11:33:21',33101303561322496,'公司管理员','2019-02-02 11:46:34',33101303561322496,'公司管理员'),
	(89234659086434304,1,83,001,'2019-02-02 11:33:21',33101303561322496,'公司管理员','2019-02-02 11:46:34',33101303561322496,'公司管理员'),
	(89234659088531456,1,80,001,'2019-02-02 11:33:21',33101303561322496,'公司管理员','2019-02-02 11:46:34',33101303561322496,'公司管理员'),
	(89234740877459456,70618387750846464,62,001,'2019-02-02 11:34:00',33101303561322496,'公司管理员','2019-08-10 17:01:30',1,'系统管理员'),
	(89234740881653760,70618387750846464,4,001,'2019-02-02 11:34:00',33101303561322496,'公司管理员','2019-08-10 17:01:30',1,'系统管理员'),
	(89234740883750912,70618387750846464,28,001,'2019-02-02 11:34:00',33101303561322496,'公司管理员','2019-08-10 17:01:30',1,'系统管理员'),
	(89234740885848064,70618387750846464,29,001,'2019-02-02 11:34:00',33101303561322496,'公司管理员','2019-08-10 17:01:30',1,'系统管理员'),
	(89234740887945216,70618387750846464,30,001,'2019-02-02 11:34:00',33101303561322496,'公司管理员','2019-08-10 17:01:30',1,'系统管理员'),
	(89234740890042368,70618387750846464,32,001,'2019-02-02 11:34:00',33101303561322496,'公司管理员','2019-08-10 17:01:30',1,'系统管理员'),
	(89234740904722432,70618387750846464,43,001,'2019-02-02 11:34:00',33101303561322496,'公司管理员','2019-08-10 17:01:30',1,'系统管理员'),
	(89234740908916736,70618387750846464,86,001,'2019-02-02 11:34:00',33101303561322496,'公司管理员','2019-08-10 17:01:30',1,'系统管理员'),
	(89234740911013888,70618387750846464,7,001,'2019-02-02 11:34:00',33101303561322496,'公司管理员','2019-08-10 17:01:30',1,'系统管理员'),
	(89234740913111040,70618387750846464,8,001,'2019-02-02 11:34:00',33101303561322496,'公司管理员','2019-08-10 17:01:30',1,'系统管理员'),
	(89234740915208192,70618387750846464,9,001,'2019-02-02 11:34:00',33101303561322496,'公司管理员','2019-08-10 17:01:30',1,'系统管理员'),
	(89234740917305344,70618387750846464,10,001,'2019-02-02 11:34:00',33101303561322496,'公司管理员','2019-08-10 17:01:30',1,'系统管理员'),
	(89234740919402496,70618387750846464,71,001,'2019-02-02 11:34:00',33101303561322496,'公司管理员','2019-08-10 17:01:30',1,'系统管理员'),
	(89234740919402497,70618387750846464,72,001,'2019-02-02 11:34:00',33101303561322496,'公司管理员','2019-08-10 17:01:30',1,'系统管理员'),
	(89234740921499648,70618387750846464,73,001,'2019-02-02 11:34:00',33101303561322496,'公司管理员','2019-08-10 17:01:30',1,'系统管理员'),
	(89234740923596800,70618387750846464,74,001,'2019-02-02 11:34:00',33101303561322496,'公司管理员','2019-08-10 17:01:30',1,'系统管理员'),
	(89234740925693952,70618387750846464,75,001,'2019-02-02 11:34:00',33101303561322496,'公司管理员','2019-08-10 17:01:30',1,'系统管理员'),
	(89234740925693953,70618387750846464,76,001,'2019-02-02 11:34:00',33101303561322496,'公司管理员','2019-08-10 17:01:30',1,'系统管理员'),
	(89234740927791104,70618387750846464,77,001,'2019-02-02 11:34:00',33101303561322496,'公司管理员','2019-08-10 17:01:30',1,'系统管理员'),
	(89234740929888256,70618387750846464,78,001,'2019-02-02 11:34:00',33101303561322496,'公司管理员','2019-08-10 17:01:30',1,'系统管理员'),
	(89234740931985408,70618387750846464,82,001,'2019-02-02 11:34:00',33101303561322496,'公司管理员','2019-08-10 17:01:30',1,'系统管理员'),
	(89234740931985409,70618387750846464,85,001,'2019-02-02 11:34:00',33101303561322496,'公司管理员','2019-08-10 17:01:30',1,'系统管理员'),
	(89234740934082560,70618387750846464,1,001,'2019-02-02 11:34:00',33101303561322496,'公司管理员','2019-08-10 17:01:30',1,'系统管理员'),
	(89234740936179712,70618387750846464,11,001,'2019-02-02 11:34:00',33101303561322496,'公司管理员','2019-08-10 17:01:30',1,'系统管理员'),
	(89234740936179713,70618387750846464,24,001,'2019-02-02 11:34:00',33101303561322496,'公司管理员','2019-08-10 17:01:30',1,'系统管理员'),
	(89234740938276864,70618387750846464,25,001,'2019-02-02 11:34:00',33101303561322496,'公司管理员','2019-08-10 17:01:30',1,'系统管理员'),
	(89234740940374016,70618387750846464,26,001,'2019-02-02 11:34:00',33101303561322496,'公司管理员','2019-08-10 17:01:30',1,'系统管理员'),
	(89234740942471168,70618387750846464,27,001,'2019-02-02 11:34:00',33101303561322496,'公司管理员','2019-08-10 17:01:30',1,'系统管理员'),
	(89234740942471169,70618387750846464,35,001,'2019-02-02 11:34:00',33101303561322496,'公司管理员','2019-08-10 17:01:30',1,'系统管理员'),
	(89234740944568320,70618387750846464,36,001,'2019-02-02 11:34:00',33101303561322496,'公司管理员','2019-08-10 17:01:30',1,'系统管理员'),
	(89234740946665472,70618387750846464,70,001,'2019-02-02 11:34:00',33101303561322496,'公司管理员','2019-08-10 17:01:30',1,'系统管理员'),
	(89234740948762624,70618387750846464,84,001,'2019-02-02 11:34:00',33101303561322496,'公司管理员','2019-08-10 17:01:30',1,'系统管理员'),
	(89234740950859776,70618387750846464,88,001,'2019-02-02 11:34:00',33101303561322496,'公司管理员','2019-08-10 17:01:30',1,'系统管理员'),
	(89234740952956928,70618387750846464,89,001,'2019-02-02 11:34:00',33101303561322496,'公司管理员','2019-08-10 17:01:30',1,'系统管理员'),
	(89234740955054080,70618387750846464,90,001,'2019-02-02 11:34:00',33101303561322496,'公司管理员','2019-08-10 17:01:30',1,'系统管理员'),
	(89234740957151232,70618387750846464,91,001,'2019-02-02 11:34:00',33101303561322496,'公司管理员','2019-08-10 17:01:30',1,'系统管理员'),
	(89234740957151233,70618387750846464,2,001,'2019-02-02 11:34:00',33101303561322496,'公司管理员','2019-08-10 17:01:30',1,'系统管理员'),
	(89234740959248384,70618387750846464,14,001,'2019-02-02 11:34:00',33101303561322496,'公司管理员','2019-08-10 17:01:30',1,'系统管理员'),
	(89234740961345536,70618387750846464,37,001,'2019-02-02 11:34:00',33101303561322496,'公司管理员','2019-08-10 17:01:30',1,'系统管理员'),
	(89234740963442688,70618387750846464,38,001,'2019-02-02 11:34:00',33101303561322496,'公司管理员','2019-08-10 17:01:30',1,'系统管理员'),
	(89234740963442689,70618387750846464,39,001,'2019-02-02 11:34:00',33101303561322496,'公司管理员','2019-08-10 17:01:30',1,'系统管理员'),
	(89234740965539840,70618387750846464,40,001,'2019-02-02 11:34:00',33101303561322496,'公司管理员','2019-08-10 17:01:30',1,'系统管理员'),
	(89234740967636992,70618387750846464,41,001,'2019-02-02 11:34:00',33101303561322496,'公司管理员','2019-08-10 17:01:30',1,'系统管理员'),
	(89234740969734144,70618387750846464,42,001,'2019-02-02 11:34:00',33101303561322496,'公司管理员','2019-08-10 17:01:30',1,'系统管理员'),
	(89234740971831296,70618387750846464,87,001,'2019-02-02 11:34:00',33101303561322496,'公司管理员','2019-08-10 17:01:30',1,'系统管理员'),
	(89234740973928448,70618387750846464,69,001,'2019-02-02 11:34:00',33101303561322496,'公司管理员','2019-08-10 17:01:30',1,'系统管理员'),
	(89234740976025600,70618387750846464,79,001,'2019-02-02 11:34:00',33101303561322496,'公司管理员','2019-08-10 17:01:30',1,'系统管理员'),
	(89234740978122752,70618387750846464,81,001,'2019-02-02 11:34:00',33101303561322496,'公司管理员','2019-08-10 17:01:30',1,'系统管理员'),
	(89234740980219904,70618387750846464,83,001,'2019-02-02 11:34:00',33101303561322496,'公司管理员','2019-08-10 17:01:30',1,'系统管理员'),
	(89234740982317056,70618387750846464,80,001,'2019-02-02 11:34:00',33101303561322496,'公司管理员','2019-08-10 17:01:30',1,'系统管理员'),
	(89236226709651456,89236018382766080,62,000,'2019-02-02 11:45:48',33101303561322496,'公司管理员',NULL,NULL,NULL),
	(89236226711748608,89236018382766080,4,000,'2019-02-02 11:45:48',33101303561322496,'公司管理员',NULL,NULL,NULL),
	(89236226713845760,89236018382766080,28,000,'2019-02-02 11:45:48',33101303561322496,'公司管理员',NULL,NULL,NULL),
	(89236226715942912,89236018382766080,29,000,'2019-02-02 11:45:48',33101303561322496,'公司管理员',NULL,NULL,NULL),
	(89236226718040064,89236018382766080,30,000,'2019-02-02 11:45:48',33101303561322496,'公司管理员',NULL,NULL,NULL),
	(89236226720137216,89236018382766080,31,000,'2019-02-02 11:45:48',33101303561322496,'公司管理员',NULL,NULL,NULL),
	(89236226722234368,89236018382766080,32,000,'2019-02-02 11:45:48',33101303561322496,'公司管理员',NULL,NULL,NULL),
	(89236226724331520,89236018382766080,33,000,'2019-02-02 11:45:48',33101303561322496,'公司管理员',NULL,NULL,NULL),
	(89236226724331521,89236018382766080,34,000,'2019-02-02 11:45:48',33101303561322496,'公司管理员',NULL,NULL,NULL),
	(89236226726428672,89236018382766080,43,000,'2019-02-02 11:45:48',33101303561322496,'公司管理员',NULL,NULL,NULL),
	(89236226728525824,89236018382766080,86,000,'2019-02-02 11:45:48',33101303561322496,'公司管理员',NULL,NULL,NULL),
	(89236226730622976,89236018382766080,7,000,'2019-02-02 11:45:48',33101303561322496,'公司管理员',NULL,NULL,NULL),
	(89236226732720128,89236018382766080,8,000,'2019-02-02 11:45:48',33101303561322496,'公司管理员',NULL,NULL,NULL),
	(89236226734817280,89236018382766080,9,000,'2019-02-02 11:45:48',33101303561322496,'公司管理员',NULL,NULL,NULL),
	(89236226736914432,89236018382766080,10,000,'2019-02-02 11:45:48',33101303561322496,'公司管理员',NULL,NULL,NULL),
	(89236226739011584,89236018382766080,71,000,'2019-02-02 11:45:48',33101303561322496,'公司管理员',NULL,NULL,NULL),
	(89236226741108736,89236018382766080,72,000,'2019-02-02 11:45:48',33101303561322496,'公司管理员',NULL,NULL,NULL),
	(89236226741108737,89236018382766080,73,000,'2019-02-02 11:45:48',33101303561322496,'公司管理员',NULL,NULL,NULL),
	(89236226743205888,89236018382766080,74,000,'2019-02-02 11:45:48',33101303561322496,'公司管理员',NULL,NULL,NULL),
	(89236226745303040,89236018382766080,75,000,'2019-02-02 11:45:48',33101303561322496,'公司管理员',NULL,NULL,NULL),
	(89236226747400192,89236018382766080,76,000,'2019-02-02 11:45:48',33101303561322496,'公司管理员',NULL,NULL,NULL),
	(89236226749497344,89236018382766080,77,000,'2019-02-02 11:45:48',33101303561322496,'公司管理员',NULL,NULL,NULL),
	(89236226749497345,89236018382766080,78,000,'2019-02-02 11:45:48',33101303561322496,'公司管理员',NULL,NULL,NULL),
	(89236226751594496,89236018382766080,82,000,'2019-02-02 11:45:48',33101303561322496,'公司管理员',NULL,NULL,NULL),
	(89236226753691648,89236018382766080,85,000,'2019-02-02 11:45:48',33101303561322496,'公司管理员',NULL,NULL,NULL),
	(89236226753691649,89236018382766080,1,000,'2019-02-02 11:45:48',33101303561322496,'公司管理员',NULL,NULL,NULL),
	(89236226755788800,89236018382766080,11,000,'2019-02-02 11:45:48',33101303561322496,'公司管理员',NULL,NULL,NULL),
	(89236226757885952,89236018382766080,24,000,'2019-02-02 11:45:48',33101303561322496,'公司管理员',NULL,NULL,NULL),
	(89236226759983104,89236018382766080,25,000,'2019-02-02 11:45:48',33101303561322496,'公司管理员',NULL,NULL,NULL),
	(89236226759983105,89236018382766080,26,000,'2019-02-02 11:45:48',33101303561322496,'公司管理员',NULL,NULL,NULL),
	(89236226762080256,89236018382766080,27,000,'2019-02-02 11:45:48',33101303561322496,'公司管理员',NULL,NULL,NULL),
	(89236226764177408,89236018382766080,35,000,'2019-02-02 11:45:48',33101303561322496,'公司管理员',NULL,NULL,NULL),
	(89236226766274560,89236018382766080,36,000,'2019-02-02 11:45:48',33101303561322496,'公司管理员',NULL,NULL,NULL),
	(89236226766274561,89236018382766080,70,000,'2019-02-02 11:45:48',33101303561322496,'公司管理员',NULL,NULL,NULL),
	(89236226768371712,89236018382766080,84,000,'2019-02-02 11:45:48',33101303561322496,'公司管理员',NULL,NULL,NULL),
	(89236226770468864,89236018382766080,88,000,'2019-02-02 11:45:48',33101303561322496,'公司管理员',NULL,NULL,NULL),
	(89236226770468865,89236018382766080,89,000,'2019-02-02 11:45:48',33101303561322496,'公司管理员',NULL,NULL,NULL),
	(89236226772566016,89236018382766080,90,000,'2019-02-02 11:45:48',33101303561322496,'公司管理员',NULL,NULL,NULL),
	(89236226774663168,89236018382766080,91,000,'2019-02-02 11:45:48',33101303561322496,'公司管理员',NULL,NULL,NULL),
	(89236226776760320,89236018382766080,2,000,'2019-02-02 11:45:48',33101303561322496,'公司管理员',NULL,NULL,NULL),
	(89236226776760321,89236018382766080,14,000,'2019-02-02 11:45:48',33101303561322496,'公司管理员',NULL,NULL,NULL),
	(89236226778857472,89236018382766080,37,000,'2019-02-02 11:45:48',33101303561322496,'公司管理员',NULL,NULL,NULL),
	(89236226780954624,89236018382766080,38,000,'2019-02-02 11:45:48',33101303561322496,'公司管理员',NULL,NULL,NULL),
	(89236226783051776,89236018382766080,39,000,'2019-02-02 11:45:48',33101303561322496,'公司管理员',NULL,NULL,NULL),
	(89236226783051777,89236018382766080,40,000,'2019-02-02 11:45:48',33101303561322496,'公司管理员',NULL,NULL,NULL),
	(89236226785148928,89236018382766080,41,000,'2019-02-02 11:45:48',33101303561322496,'公司管理员',NULL,NULL,NULL),
	(89236226787246080,89236018382766080,42,000,'2019-02-02 11:45:48',33101303561322496,'公司管理员',NULL,NULL,NULL),
	(89236226787246081,89236018382766080,87,000,'2019-02-02 11:45:48',33101303561322496,'公司管理员',NULL,NULL,NULL),
	(89236226789343232,89236018382766080,20,000,'2019-02-02 11:45:48',33101303561322496,'公司管理员',NULL,NULL,NULL),
	(89236226791440384,89236018382766080,69,000,'2019-02-02 11:45:48',33101303561322496,'公司管理员',NULL,NULL,NULL),
	(89236226793537536,89236018382766080,79,000,'2019-02-02 11:45:48',33101303561322496,'公司管理员',NULL,NULL,NULL),
	(89236226795634688,89236018382766080,81,000,'2019-02-02 11:45:48',33101303561322496,'公司管理员',NULL,NULL,NULL),
	(89236226795634689,89236018382766080,83,000,'2019-02-02 11:45:48',33101303561322496,'公司管理员',NULL,NULL,NULL),
	(89236226799828992,89236018382766080,80,000,'2019-02-02 11:45:48',33101303561322496,'公司管理员',NULL,NULL,NULL),
	(89236322723561472,1,62,001,'2019-02-02 11:46:34',33101303561322496,'公司管理员','2019-02-02 11:48:00',33101303561322496,'公司管理员'),
	(89236322725658624,1,4,001,'2019-02-02 11:46:34',33101303561322496,'公司管理员','2019-02-02 11:48:00',33101303561322496,'公司管理员'),
	(89236322727755776,1,28,001,'2019-02-02 11:46:34',33101303561322496,'公司管理员','2019-02-02 11:48:00',33101303561322496,'公司管理员'),
	(89236322727755777,1,29,001,'2019-02-02 11:46:34',33101303561322496,'公司管理员','2019-02-02 11:48:00',33101303561322496,'公司管理员'),
	(89236322729852928,1,30,001,'2019-02-02 11:46:34',33101303561322496,'公司管理员','2019-02-02 11:48:00',33101303561322496,'公司管理员'),
	(89236322731950080,1,31,001,'2019-02-02 11:46:34',33101303561322496,'公司管理员','2019-02-02 11:48:00',33101303561322496,'公司管理员'),
	(89236322734047232,1,32,001,'2019-02-02 11:46:34',33101303561322496,'公司管理员','2019-02-02 11:48:00',33101303561322496,'公司管理员'),
	(89236322736144384,1,33,001,'2019-02-02 11:46:34',33101303561322496,'公司管理员','2019-02-02 11:48:00',33101303561322496,'公司管理员'),
	(89236322738241536,1,34,001,'2019-02-02 11:46:34',33101303561322496,'公司管理员','2019-02-02 11:48:00',33101303561322496,'公司管理员'),
	(89236322738241537,1,43,001,'2019-02-02 11:46:34',33101303561322496,'公司管理员','2019-02-02 11:48:00',33101303561322496,'公司管理员'),
	(89236322740338688,1,86,001,'2019-02-02 11:46:34',33101303561322496,'公司管理员','2019-02-02 11:48:00',33101303561322496,'公司管理员'),
	(89236322742435840,1,7,001,'2019-02-02 11:46:34',33101303561322496,'公司管理员','2019-02-02 11:48:00',33101303561322496,'公司管理员'),
	(89236322744532992,1,8,001,'2019-02-02 11:46:34',33101303561322496,'公司管理员','2019-02-02 11:48:00',33101303561322496,'公司管理员'),
	(89236322746630144,1,9,001,'2019-02-02 11:46:34',33101303561322496,'公司管理员','2019-02-02 11:48:00',33101303561322496,'公司管理员'),
	(89236322748727296,1,10,001,'2019-02-02 11:46:34',33101303561322496,'公司管理员','2019-02-02 11:48:00',33101303561322496,'公司管理员'),
	(89236322748727297,1,71,001,'2019-02-02 11:46:34',33101303561322496,'公司管理员','2019-02-02 11:48:00',33101303561322496,'公司管理员'),
	(89236322750824448,1,72,001,'2019-02-02 11:46:34',33101303561322496,'公司管理员','2019-02-02 11:48:00',33101303561322496,'公司管理员'),
	(89236322752921600,1,73,001,'2019-02-02 11:46:34',33101303561322496,'公司管理员','2019-02-02 11:48:00',33101303561322496,'公司管理员'),
	(89236322755018752,1,74,001,'2019-02-02 11:46:34',33101303561322496,'公司管理员','2019-02-02 11:48:00',33101303561322496,'公司管理员'),
	(89236322757115904,1,75,001,'2019-02-02 11:46:34',33101303561322496,'公司管理员','2019-02-02 11:48:00',33101303561322496,'公司管理员'),
	(89236322757115905,1,76,001,'2019-02-02 11:46:34',33101303561322496,'公司管理员','2019-02-02 11:48:00',33101303561322496,'公司管理员'),
	(89236322759213056,1,77,001,'2019-02-02 11:46:34',33101303561322496,'公司管理员','2019-02-02 11:48:00',33101303561322496,'公司管理员'),
	(89236322761310208,1,78,001,'2019-02-02 11:46:34',33101303561322496,'公司管理员','2019-02-02 11:48:00',33101303561322496,'公司管理员'),
	(89236322763407360,1,82,001,'2019-02-02 11:46:34',33101303561322496,'公司管理员','2019-02-02 11:48:00',33101303561322496,'公司管理员'),
	(89236322765504512,1,85,001,'2019-02-02 11:46:34',33101303561322496,'公司管理员','2019-02-02 11:48:00',33101303561322496,'公司管理员'),
	(89236322765504513,1,1,001,'2019-02-02 11:46:34',33101303561322496,'公司管理员','2019-02-02 11:48:00',33101303561322496,'公司管理员'),
	(89236322767601664,1,11,001,'2019-02-02 11:46:34',33101303561322496,'公司管理员','2019-02-02 11:48:00',33101303561322496,'公司管理员'),
	(89236322769698816,1,24,001,'2019-02-02 11:46:34',33101303561322496,'公司管理员','2019-02-02 11:48:00',33101303561322496,'公司管理员'),
	(89236322771795968,1,25,001,'2019-02-02 11:46:34',33101303561322496,'公司管理员','2019-02-02 11:48:00',33101303561322496,'公司管理员'),
	(89236322773893120,1,26,001,'2019-02-02 11:46:34',33101303561322496,'公司管理员','2019-02-02 11:48:00',33101303561322496,'公司管理员'),
	(89236322773893121,1,27,001,'2019-02-02 11:46:34',33101303561322496,'公司管理员','2019-02-02 11:48:00',33101303561322496,'公司管理员'),
	(89236322775990272,1,35,001,'2019-02-02 11:46:34',33101303561322496,'公司管理员','2019-02-02 11:48:00',33101303561322496,'公司管理员'),
	(89236322780184576,1,36,001,'2019-02-02 11:46:34',33101303561322496,'公司管理员','2019-02-02 11:48:00',33101303561322496,'公司管理员'),
	(89236322782281728,1,70,001,'2019-02-02 11:46:34',33101303561322496,'公司管理员','2019-02-02 11:48:00',33101303561322496,'公司管理员'),
	(89236322784378880,1,84,001,'2019-02-02 11:46:34',33101303561322496,'公司管理员','2019-02-02 11:48:00',33101303561322496,'公司管理员'),
	(89236322786476032,1,88,001,'2019-02-02 11:46:34',33101303561322496,'公司管理员','2019-02-02 11:48:00',33101303561322496,'公司管理员'),
	(89236322786476033,1,89,001,'2019-02-02 11:46:34',33101303561322496,'公司管理员','2019-02-02 11:48:00',33101303561322496,'公司管理员'),
	(89236322788573184,1,90,001,'2019-02-02 11:46:34',33101303561322496,'公司管理员','2019-02-02 11:48:00',33101303561322496,'公司管理员'),
	(89236322790670336,1,91,001,'2019-02-02 11:46:34',33101303561322496,'公司管理员','2019-02-02 11:48:00',33101303561322496,'公司管理员'),
	(89236322792767488,1,2,001,'2019-02-02 11:46:34',33101303561322496,'公司管理员','2019-02-02 11:48:00',33101303561322496,'公司管理员'),
	(89236322792767489,1,14,001,'2019-02-02 11:46:34',33101303561322496,'公司管理员','2019-02-02 11:48:00',33101303561322496,'公司管理员'),
	(89236322794864640,1,37,001,'2019-02-02 11:46:34',33101303561322496,'公司管理员','2019-02-02 11:48:00',33101303561322496,'公司管理员'),
	(89236322796961792,1,38,001,'2019-02-02 11:46:34',33101303561322496,'公司管理员','2019-02-02 11:48:00',33101303561322496,'公司管理员'),
	(89236322799058944,1,39,001,'2019-02-02 11:46:34',33101303561322496,'公司管理员','2019-02-02 11:48:00',33101303561322496,'公司管理员'),
	(89236322801156096,1,40,001,'2019-02-02 11:46:34',33101303561322496,'公司管理员','2019-02-02 11:48:00',33101303561322496,'公司管理员'),
	(89236322803253248,1,41,001,'2019-02-02 11:46:34',33101303561322496,'公司管理员','2019-02-02 11:48:00',33101303561322496,'公司管理员'),
	(89236322807447552,1,42,001,'2019-02-02 11:46:34',33101303561322496,'公司管理员','2019-02-02 11:48:00',33101303561322496,'公司管理员'),
	(89236322809544704,1,87,001,'2019-02-02 11:46:34',33101303561322496,'公司管理员','2019-02-02 11:48:00',33101303561322496,'公司管理员'),
	(89236322811641856,1,20,001,'2019-02-02 11:46:34',33101303561322496,'公司管理员','2019-02-02 11:48:00',33101303561322496,'公司管理员'),
	(89236322813739008,1,69,001,'2019-02-02 11:46:34',33101303561322496,'公司管理员','2019-02-02 11:48:00',33101303561322496,'公司管理员'),
	(89236322815836160,1,79,001,'2019-02-02 11:46:34',33101303561322496,'公司管理员','2019-02-02 11:48:00',33101303561322496,'公司管理员'),
	(89236322817933312,1,81,001,'2019-02-02 11:46:34',33101303561322496,'公司管理员','2019-02-02 11:48:00',33101303561322496,'公司管理员'),
	(89236322817933313,1,83,001,'2019-02-02 11:46:34',33101303561322496,'公司管理员','2019-02-02 11:48:00',33101303561322496,'公司管理员'),
	(89236322820030464,1,80,001,'2019-02-02 11:46:34',33101303561322496,'公司管理员','2019-02-02 11:48:00',33101303561322496,'公司管理员'),
	(89236322822127616,1,92,001,'2019-02-02 11:46:34',33101303561322496,'公司管理员','2019-02-02 11:48:00',33101303561322496,'公司管理员'),
	(89236322824224768,1,93,001,'2019-02-02 11:46:34',33101303561322496,'公司管理员','2019-02-02 11:48:00',33101303561322496,'公司管理员'),
	(89236322824224769,1,94,001,'2019-02-02 11:46:34',33101303561322496,'公司管理员','2019-02-02 11:48:00',33101303561322496,'公司管理员'),
	(89236322826321920,1,95,001,'2019-02-02 11:46:34',33101303561322496,'公司管理员','2019-02-02 11:48:00',33101303561322496,'公司管理员'),
	(89236322828419072,1,96,001,'2019-02-02 11:46:34',33101303561322496,'公司管理员','2019-02-02 11:48:00',33101303561322496,'公司管理员'),
	(89236322830516224,1,97,001,'2019-02-02 11:46:34',33101303561322496,'公司管理员','2019-02-02 11:48:00',33101303561322496,'公司管理员'),
	(89236322830516225,1,98,001,'2019-02-02 11:46:34',33101303561322496,'公司管理员','2019-02-02 11:48:00',33101303561322496,'公司管理员'),
	(89236322832613376,1,99,001,'2019-02-02 11:46:34',33101303561322496,'公司管理员','2019-02-02 11:48:00',33101303561322496,'公司管理员'),
	(89236322834710528,1,100,001,'2019-02-02 11:46:34',33101303561322496,'公司管理员','2019-02-02 11:48:00',33101303561322496,'公司管理员'),
	(89236322836807680,1,101,001,'2019-02-02 11:46:34',33101303561322496,'公司管理员','2019-02-02 11:48:00',33101303561322496,'公司管理员'),
	(89236502694854656,1,62,001,'2019-02-02 11:48:00',33101303561322496,'公司管理员','2019-02-02 12:11:53',1,'系统管理员'),
	(89236502696951808,1,4,001,'2019-02-02 11:48:00',33101303561322496,'公司管理员','2019-02-02 12:11:53',1,'系统管理员'),
	(89236502699048960,1,28,001,'2019-02-02 11:48:00',33101303561322496,'公司管理员','2019-02-02 12:11:53',1,'系统管理员'),
	(89236502699048961,1,29,001,'2019-02-02 11:48:00',33101303561322496,'公司管理员','2019-02-02 12:11:53',1,'系统管理员'),
	(89236502701146112,1,30,001,'2019-02-02 11:48:00',33101303561322496,'公司管理员','2019-02-02 12:11:53',1,'系统管理员'),
	(89236502703243264,1,31,001,'2019-02-02 11:48:00',33101303561322496,'公司管理员','2019-02-02 12:11:53',1,'系统管理员'),
	(89236502705340416,1,32,001,'2019-02-02 11:48:00',33101303561322496,'公司管理员','2019-02-02 12:11:53',1,'系统管理员'),
	(89236502707437568,1,33,001,'2019-02-02 11:48:00',33101303561322496,'公司管理员','2019-02-02 12:11:53',1,'系统管理员'),
	(89236502709534720,1,34,001,'2019-02-02 11:48:00',33101303561322496,'公司管理员','2019-02-02 12:11:53',1,'系统管理员'),
	(89236502709534721,1,43,001,'2019-02-02 11:48:00',33101303561322496,'公司管理员','2019-02-02 12:11:53',1,'系统管理员'),
	(89236502711631872,1,86,001,'2019-02-02 11:48:00',33101303561322496,'公司管理员','2019-02-02 12:11:53',1,'系统管理员'),
	(89236502713729024,1,7,001,'2019-02-02 11:48:00',33101303561322496,'公司管理员','2019-02-02 12:11:53',1,'系统管理员'),
	(89236502715826176,1,8,001,'2019-02-02 11:48:00',33101303561322496,'公司管理员','2019-02-02 12:11:53',1,'系统管理员'),
	(89236502717923328,1,9,001,'2019-02-02 11:48:00',33101303561322496,'公司管理员','2019-02-02 12:11:53',1,'系统管理员'),
	(89236502720020480,1,10,001,'2019-02-02 11:48:00',33101303561322496,'公司管理员','2019-02-02 12:11:53',1,'系统管理员'),
	(89236502720020481,1,71,001,'2019-02-02 11:48:00',33101303561322496,'公司管理员','2019-02-02 12:11:53',1,'系统管理员'),
	(89236502722117632,1,72,001,'2019-02-02 11:48:00',33101303561322496,'公司管理员','2019-02-02 12:11:53',1,'系统管理员'),
	(89236502724214784,1,73,001,'2019-02-02 11:48:00',33101303561322496,'公司管理员','2019-02-02 12:11:53',1,'系统管理员'),
	(89236502726311936,1,74,001,'2019-02-02 11:48:00',33101303561322496,'公司管理员','2019-02-02 12:11:53',1,'系统管理员'),
	(89236502728409088,1,75,001,'2019-02-02 11:48:00',33101303561322496,'公司管理员','2019-02-02 12:11:53',1,'系统管理员'),
	(89236502728409089,1,76,001,'2019-02-02 11:48:00',33101303561322496,'公司管理员','2019-02-02 12:11:53',1,'系统管理员'),
	(89236502730506240,1,77,001,'2019-02-02 11:48:00',33101303561322496,'公司管理员','2019-02-02 12:11:53',1,'系统管理员'),
	(89236502732603392,1,78,001,'2019-02-02 11:48:00',33101303561322496,'公司管理员','2019-02-02 12:11:53',1,'系统管理员'),
	(89236502734700544,1,82,001,'2019-02-02 11:48:00',33101303561322496,'公司管理员','2019-02-02 12:11:53',1,'系统管理员'),
	(89236502736797696,1,85,001,'2019-02-02 11:48:00',33101303561322496,'公司管理员','2019-02-02 12:11:53',1,'系统管理员'),
	(89236502736797697,1,1,001,'2019-02-02 11:48:00',33101303561322496,'公司管理员','2019-02-02 12:11:53',1,'系统管理员'),
	(89236502738894848,1,11,001,'2019-02-02 11:48:00',33101303561322496,'公司管理员','2019-02-02 12:11:53',1,'系统管理员'),
	(89236502740992000,1,24,001,'2019-02-02 11:48:00',33101303561322496,'公司管理员','2019-02-02 12:11:53',1,'系统管理员'),
	(89236502743089152,1,25,001,'2019-02-02 11:48:00',33101303561322496,'公司管理员','2019-02-02 12:11:53',1,'系统管理员'),
	(89236502745186304,1,26,001,'2019-02-02 11:48:00',33101303561322496,'公司管理员','2019-02-02 12:11:53',1,'系统管理员'),
	(89236502747283456,1,27,001,'2019-02-02 11:48:00',33101303561322496,'公司管理员','2019-02-02 12:11:53',1,'系统管理员'),
	(89236502757769216,1,35,001,'2019-02-02 11:48:00',33101303561322496,'公司管理员','2019-02-02 12:11:53',1,'系统管理员'),
	(89236502759866368,1,36,001,'2019-02-02 11:48:00',33101303561322496,'公司管理员','2019-02-02 12:11:53',1,'系统管理员'),
	(89236502761963520,1,70,001,'2019-02-02 11:48:00',33101303561322496,'公司管理员','2019-02-02 12:11:53',1,'系统管理员'),
	(89236502764060672,1,84,001,'2019-02-02 11:48:00',33101303561322496,'公司管理员','2019-02-02 12:11:53',1,'系统管理员'),
	(89236502766157824,1,88,001,'2019-02-02 11:48:00',33101303561322496,'公司管理员','2019-02-02 12:11:53',1,'系统管理员'),
	(89236502768254976,1,89,001,'2019-02-02 11:48:00',33101303561322496,'公司管理员','2019-02-02 12:11:53',1,'系统管理员'),
	(89236502768254977,1,90,001,'2019-02-02 11:48:00',33101303561322496,'公司管理员','2019-02-02 12:11:53',1,'系统管理员'),
	(89236502770352128,1,91,001,'2019-02-02 11:48:00',33101303561322496,'公司管理员','2019-02-02 12:11:53',1,'系统管理员'),
	(89236502772449280,1,2,001,'2019-02-02 11:48:00',33101303561322496,'公司管理员','2019-02-02 12:11:53',1,'系统管理员'),
	(89236502774546432,1,14,001,'2019-02-02 11:48:00',33101303561322496,'公司管理员','2019-02-02 12:11:53',1,'系统管理员'),
	(89236502776643584,1,37,001,'2019-02-02 11:48:00',33101303561322496,'公司管理员','2019-02-02 12:11:53',1,'系统管理员'),
	(89236502778740736,1,38,001,'2019-02-02 11:48:00',33101303561322496,'公司管理员','2019-02-02 12:11:53',1,'系统管理员'),
	(89236502778740737,1,39,001,'2019-02-02 11:48:00',33101303561322496,'公司管理员','2019-02-02 12:11:53',1,'系统管理员'),
	(89236502780837888,1,40,001,'2019-02-02 11:48:00',33101303561322496,'公司管理员','2019-02-02 12:11:53',1,'系统管理员'),
	(89236502782935040,1,41,001,'2019-02-02 11:48:00',33101303561322496,'公司管理员','2019-02-02 12:11:53',1,'系统管理员'),
	(89236502785032192,1,42,001,'2019-02-02 11:48:00',33101303561322496,'公司管理员','2019-02-02 12:11:53',1,'系统管理员'),
	(89236502787129344,1,87,001,'2019-02-02 11:48:00',33101303561322496,'公司管理员','2019-02-02 12:11:53',1,'系统管理员'),
	(89236502789226496,1,20,001,'2019-02-02 11:48:00',33101303561322496,'公司管理员','2019-02-02 12:11:53',1,'系统管理员'),
	(89236502789226497,1,69,001,'2019-02-02 11:48:00',33101303561322496,'公司管理员','2019-02-02 12:11:53',1,'系统管理员'),
	(89236502791323648,1,79,001,'2019-02-02 11:48:00',33101303561322496,'公司管理员','2019-02-02 12:11:53',1,'系统管理员'),
	(89236502793420800,1,81,001,'2019-02-02 11:48:00',33101303561322496,'公司管理员','2019-02-02 12:11:53',1,'系统管理员'),
	(89236502795517952,1,83,001,'2019-02-02 11:48:00',33101303561322496,'公司管理员','2019-02-02 12:11:53',1,'系统管理员'),
	(89236502797615104,1,80,001,'2019-02-02 11:48:00',33101303561322496,'公司管理员','2019-02-02 12:11:53',1,'系统管理员'),
	(89236502797615105,1,92,001,'2019-02-02 11:48:00',33101303561322496,'公司管理员','2019-02-02 12:11:53',1,'系统管理员'),
	(89236502799712256,1,93,001,'2019-02-02 11:48:00',33101303561322496,'公司管理员','2019-02-02 12:11:53',1,'系统管理员'),
	(89236502801809408,1,94,001,'2019-02-02 11:48:00',33101303561322496,'公司管理员','2019-02-02 12:11:53',1,'系统管理员'),
	(89236502803906560,1,95,001,'2019-02-02 11:48:00',33101303561322496,'公司管理员','2019-02-02 12:11:53',1,'系统管理员'),
	(89236502803906561,1,96,001,'2019-02-02 11:48:00',33101303561322496,'公司管理员','2019-02-02 12:11:53',1,'系统管理员'),
	(89236502806003712,1,97,001,'2019-02-02 11:48:00',33101303561322496,'公司管理员','2019-02-02 12:11:53',1,'系统管理员'),
	(89236502808100864,1,98,001,'2019-02-02 11:48:00',33101303561322496,'公司管理员','2019-02-02 12:11:53',1,'系统管理员'),
	(89236502810198016,1,99,001,'2019-02-02 11:48:00',33101303561322496,'公司管理员','2019-02-02 12:11:53',1,'系统管理员'),
	(89236502810198017,1,100,001,'2019-02-02 11:48:00',33101303561322496,'公司管理员','2019-02-02 12:11:53',1,'系统管理员'),
	(89236502812295168,1,101,001,'2019-02-02 11:48:00',33101303561322496,'公司管理员','2019-02-02 12:11:53',1,'系统管理员'),
	(89239508408598528,1,62,001,'2019-02-02 12:11:53',1,'系统管理员','2019-08-10 16:51:33',1,'系统管理员'),
	(89239508408598529,1,4,001,'2019-02-02 12:11:53',1,'系统管理员','2019-08-10 16:51:33',1,'系统管理员'),
	(89239508410695680,1,28,001,'2019-02-02 12:11:53',1,'系统管理员','2019-08-10 16:51:33',1,'系统管理员'),
	(89239508412792832,1,29,001,'2019-02-02 12:11:53',1,'系统管理员','2019-08-10 16:51:33',1,'系统管理员'),
	(89239508414889984,1,30,001,'2019-02-02 12:11:53',1,'系统管理员','2019-08-10 16:51:33',1,'系统管理员'),
	(89239508414889985,1,31,001,'2019-02-02 12:11:53',1,'系统管理员','2019-08-10 16:51:33',1,'系统管理员'),
	(89239508416987136,1,32,001,'2019-02-02 12:11:53',1,'系统管理员','2019-08-10 16:51:33',1,'系统管理员'),
	(89239508419084288,1,33,001,'2019-02-02 12:11:53',1,'系统管理员','2019-08-10 16:51:33',1,'系统管理员'),
	(89239508419084289,1,34,001,'2019-02-02 12:11:53',1,'系统管理员','2019-08-10 16:51:33',1,'系统管理员'),
	(89239508421181440,1,43,001,'2019-02-02 12:11:53',1,'系统管理员','2019-08-10 16:51:33',1,'系统管理员'),
	(89239508423278592,1,86,001,'2019-02-02 12:11:53',1,'系统管理员','2019-08-10 16:51:33',1,'系统管理员'),
	(89239508423278593,1,7,001,'2019-02-02 12:11:53',1,'系统管理员','2019-08-10 16:51:33',1,'系统管理员'),
	(89239508425375744,1,8,001,'2019-02-02 12:11:53',1,'系统管理员','2019-08-10 16:51:33',1,'系统管理员'),
	(89239508427472896,1,9,001,'2019-02-02 12:11:53',1,'系统管理员','2019-08-10 16:51:33',1,'系统管理员'),
	(89239508429570048,1,10,001,'2019-02-02 12:11:53',1,'系统管理员','2019-08-10 16:51:33',1,'系统管理员'),
	(89239508429570049,1,71,001,'2019-02-02 12:11:53',1,'系统管理员','2019-08-10 16:51:33',1,'系统管理员'),
	(89239508431667200,1,72,001,'2019-02-02 12:11:53',1,'系统管理员','2019-08-10 16:51:33',1,'系统管理员'),
	(89239508433764352,1,73,001,'2019-02-02 12:11:53',1,'系统管理员','2019-08-10 16:51:33',1,'系统管理员'),
	(89239508435861504,1,74,001,'2019-02-02 12:11:53',1,'系统管理员','2019-08-10 16:51:33',1,'系统管理员'),
	(89239508440055808,1,75,001,'2019-02-02 12:11:53',1,'系统管理员','2019-08-10 16:51:33',1,'系统管理员'),
	(89239508440055809,1,76,001,'2019-02-02 12:11:53',1,'系统管理员','2019-08-10 16:51:33',1,'系统管理员'),
	(89239508442152960,1,77,001,'2019-02-02 12:11:53',1,'系统管理员','2019-08-10 16:51:33',1,'系统管理员'),
	(89239508446347264,1,78,001,'2019-02-02 12:11:53',1,'系统管理员','2019-08-10 16:51:33',1,'系统管理员'),
	(89239508446347265,1,82,001,'2019-02-02 12:11:53',1,'系统管理员','2019-08-10 16:51:33',1,'系统管理员'),
	(89239508448444416,1,85,001,'2019-02-02 12:11:53',1,'系统管理员','2019-08-10 16:51:33',1,'系统管理员'),
	(89239508450541568,1,1,001,'2019-02-02 12:11:53',1,'系统管理员','2019-08-10 16:51:33',1,'系统管理员'),
	(89239508450541569,1,11,001,'2019-02-02 12:11:53',1,'系统管理员','2019-08-10 16:51:33',1,'系统管理员'),
	(89239508452638720,1,24,001,'2019-02-02 12:11:53',1,'系统管理员','2019-08-10 16:51:33',1,'系统管理员'),
	(89239508456833024,1,25,001,'2019-02-02 12:11:53',1,'系统管理员','2019-08-10 16:51:33',1,'系统管理员'),
	(89239508458930176,1,26,001,'2019-02-02 12:11:53',1,'系统管理员','2019-08-10 16:51:33',1,'系统管理员'),
	(89239508461027328,1,27,001,'2019-02-02 12:11:53',1,'系统管理员','2019-08-10 16:51:33',1,'系统管理员'),
	(89239508461027329,1,35,001,'2019-02-02 12:11:53',1,'系统管理员','2019-08-10 16:51:33',1,'系统管理员'),
	(89239508463124480,1,36,001,'2019-02-02 12:11:53',1,'系统管理员','2019-08-10 16:51:33',1,'系统管理员'),
	(89239508465221632,1,70,001,'2019-02-02 12:11:53',1,'系统管理员','2019-08-10 16:51:33',1,'系统管理员'),
	(89239508465221633,1,84,001,'2019-02-02 12:11:53',1,'系统管理员','2019-08-10 16:51:33',1,'系统管理员'),
	(89239508467318784,1,88,001,'2019-02-02 12:11:53',1,'系统管理员','2019-08-10 16:51:33',1,'系统管理员'),
	(89239508469415936,1,89,001,'2019-02-02 12:11:53',1,'系统管理员','2019-08-10 16:51:33',1,'系统管理员'),
	(89239508471513088,1,90,001,'2019-02-02 12:11:53',1,'系统管理员','2019-08-10 16:51:33',1,'系统管理员'),
	(89239508471513089,1,91,001,'2019-02-02 12:11:53',1,'系统管理员','2019-08-10 16:51:33',1,'系统管理员'),
	(89239508473610240,1,2,001,'2019-02-02 12:11:53',1,'系统管理员','2019-08-10 16:51:33',1,'系统管理员'),
	(89239508475707392,1,14,001,'2019-02-02 12:11:53',1,'系统管理员','2019-08-10 16:51:33',1,'系统管理员'),
	(89239508475707393,1,37,001,'2019-02-02 12:11:53',1,'系统管理员','2019-08-10 16:51:33',1,'系统管理员'),
	(89239508477804544,1,38,001,'2019-02-02 12:11:53',1,'系统管理员','2019-08-10 16:51:33',1,'系统管理员'),
	(89239508479901696,1,39,001,'2019-02-02 12:11:53',1,'系统管理员','2019-08-10 16:51:33',1,'系统管理员'),
	(89239508479901697,1,40,001,'2019-02-02 12:11:53',1,'系统管理员','2019-08-10 16:51:33',1,'系统管理员'),
	(89239508481998848,1,41,001,'2019-02-02 12:11:53',1,'系统管理员','2019-08-10 16:51:33',1,'系统管理员'),
	(89239508484096000,1,42,001,'2019-02-02 12:11:53',1,'系统管理员','2019-08-10 16:51:33',1,'系统管理员'),
	(89239508484096001,1,87,001,'2019-02-02 12:11:53',1,'系统管理员','2019-08-10 16:51:33',1,'系统管理员'),
	(89239508486193152,1,20,001,'2019-02-02 12:11:53',1,'系统管理员','2019-08-10 16:51:33',1,'系统管理员'),
	(89239508488290304,1,69,001,'2019-02-02 12:11:53',1,'系统管理员','2019-08-10 16:51:33',1,'系统管理员'),
	(89239508488290305,1,79,001,'2019-02-02 12:11:53',1,'系统管理员','2019-08-10 16:51:33',1,'系统管理员'),
	(89239508490387456,1,81,001,'2019-02-02 12:11:53',1,'系统管理员','2019-08-10 16:51:33',1,'系统管理员'),
	(89239508492484608,1,83,001,'2019-02-02 12:11:53',1,'系统管理员','2019-08-10 16:51:33',1,'系统管理员'),
	(89239508492484609,1,80,001,'2019-02-02 12:11:53',1,'系统管理员','2019-08-10 16:51:33',1,'系统管理员'),
	(118966229128970240,0,118966229128970240,000,'2019-07-16 15:08:46',1,'系统管理员',NULL,NULL,NULL),
	(123520351326961664,1,62,001,'2019-08-10 16:51:33',1,'系统管理员','2019-08-10 16:53:09',1,'系统管理员'),
	(123520351331155968,1,4,001,'2019-08-10 16:51:33',1,'系统管理员','2019-08-10 16:53:09',1,'系统管理员'),
	(123520351335350272,1,28,001,'2019-08-10 16:51:33',1,'系统管理员','2019-08-10 16:53:09',1,'系统管理员'),
	(123520351337447424,1,29,001,'2019-08-10 16:51:33',1,'系统管理员','2019-08-10 16:53:09',1,'系统管理员'),
	(123520351343738880,1,30,001,'2019-08-10 16:51:33',1,'系统管理员','2019-08-10 16:53:09',1,'系统管理员'),
	(123520351347933184,1,31,001,'2019-08-10 16:51:33',1,'系统管理员','2019-08-10 16:53:09',1,'系统管理员'),
	(123520351352127488,1,32,001,'2019-08-10 16:51:33',1,'系统管理员','2019-08-10 16:53:09',1,'系统管理员'),
	(123520351354224640,1,33,001,'2019-08-10 16:51:33',1,'系统管理员','2019-08-10 16:53:09',1,'系统管理员'),
	(123520351356321792,1,34,001,'2019-08-10 16:51:33',1,'系统管理员','2019-08-10 16:53:09',1,'系统管理员'),
	(123520351360516096,1,43,001,'2019-08-10 16:51:33',1,'系统管理员','2019-08-10 16:53:09',1,'系统管理员'),
	(123520351362613248,1,86,001,'2019-08-10 16:51:33',1,'系统管理员','2019-08-10 16:53:09',1,'系统管理员'),
	(123520351381487616,1,7,001,'2019-08-10 16:51:33',1,'系统管理员','2019-08-10 16:53:09',1,'系统管理员'),
	(123520351406653440,1,8,001,'2019-08-10 16:51:33',1,'系统管理员','2019-08-10 16:53:09',1,'系统管理员'),
	(123520351410847744,1,9,001,'2019-08-10 16:51:33',1,'系统管理员','2019-08-10 16:53:09',1,'系统管理员'),
	(123520351417139200,1,10,001,'2019-08-10 16:51:33',1,'系统管理员','2019-08-10 16:53:09',1,'系统管理员'),
	(123520351419236352,1,71,001,'2019-08-10 16:51:33',1,'系统管理员','2019-08-10 16:53:09',1,'系统管理员'),
	(123520351429722112,1,72,001,'2019-08-10 16:51:33',1,'系统管理员','2019-08-10 16:53:09',1,'系统管理员'),
	(123520351431819264,1,73,001,'2019-08-10 16:51:33',1,'系统管理员','2019-08-10 16:53:09',1,'系统管理员'),
	(123520351436013568,1,74,001,'2019-08-10 16:51:33',1,'系统管理员','2019-08-10 16:53:09',1,'系统管理员'),
	(123520351438110720,1,75,001,'2019-08-10 16:51:33',1,'系统管理员','2019-08-10 16:53:09',1,'系统管理员'),
	(123520351442305024,1,76,001,'2019-08-10 16:51:33',1,'系统管理员','2019-08-10 16:53:09',1,'系统管理员'),
	(123520351444402176,1,77,001,'2019-08-10 16:51:33',1,'系统管理员','2019-08-10 16:53:09',1,'系统管理员'),
	(123520351448596480,1,78,001,'2019-08-10 16:51:33',1,'系统管理员','2019-08-10 16:53:09',1,'系统管理员'),
	(123520351450693632,1,82,001,'2019-08-10 16:51:33',1,'系统管理员','2019-08-10 16:53:09',1,'系统管理员'),
	(123520351454887936,1,85,001,'2019-08-10 16:51:33',1,'系统管理员','2019-08-10 16:53:09',1,'系统管理员'),
	(123520351456985088,1,1,001,'2019-08-10 16:51:33',1,'系统管理员','2019-08-10 16:53:09',1,'系统管理员'),
	(123520351461179392,1,11,001,'2019-08-10 16:51:33',1,'系统管理员','2019-08-10 16:53:09',1,'系统管理员'),
	(123520351463276544,1,24,001,'2019-08-10 16:51:33',1,'系统管理员','2019-08-10 16:53:09',1,'系统管理员'),
	(123520351467470848,1,25,001,'2019-08-10 16:51:33',1,'系统管理员','2019-08-10 16:53:09',1,'系统管理员'),
	(123520351469568000,1,26,001,'2019-08-10 16:51:33',1,'系统管理员','2019-08-10 16:53:09',1,'系统管理员'),
	(123520351471665152,1,27,001,'2019-08-10 16:51:33',1,'系统管理员','2019-08-10 16:53:09',1,'系统管理员'),
	(123520351475859456,1,35,001,'2019-08-10 16:51:33',1,'系统管理员','2019-08-10 16:53:09',1,'系统管理员'),
	(123520351477956608,1,36,001,'2019-08-10 16:51:33',1,'系统管理员','2019-08-10 16:53:09',1,'系统管理员'),
	(123520351482150912,1,70,001,'2019-08-10 16:51:33',1,'系统管理员','2019-08-10 16:53:09',1,'系统管理员'),
	(123520351484248064,1,84,001,'2019-08-10 16:51:33',1,'系统管理员','2019-08-10 16:53:09',1,'系统管理员'),
	(123520351486345216,1,88,001,'2019-08-10 16:51:33',1,'系统管理员','2019-08-10 16:53:09',1,'系统管理员'),
	(123520351490539520,1,89,001,'2019-08-10 16:51:33',1,'系统管理员','2019-08-10 16:53:09',1,'系统管理员'),
	(123520351492636672,1,90,001,'2019-08-10 16:51:33',1,'系统管理员','2019-08-10 16:53:09',1,'系统管理员'),
	(123520351496830976,1,91,001,'2019-08-10 16:51:33',1,'系统管理员','2019-08-10 16:53:09',1,'系统管理员'),
	(123520351498928128,1,2,001,'2019-08-10 16:51:33',1,'系统管理员','2019-08-10 16:53:09',1,'系统管理员'),
	(123520351501025280,1,14,001,'2019-08-10 16:51:33',1,'系统管理员','2019-08-10 16:53:09',1,'系统管理员'),
	(123520351505219584,1,37,001,'2019-08-10 16:51:33',1,'系统管理员','2019-08-10 16:53:09',1,'系统管理员'),
	(123520351507316736,1,38,001,'2019-08-10 16:51:33',1,'系统管理员','2019-08-10 16:53:09',1,'系统管理员'),
	(123520351511511040,1,39,001,'2019-08-10 16:51:33',1,'系统管理员','2019-08-10 16:53:09',1,'系统管理员'),
	(123520351513608192,1,40,001,'2019-08-10 16:51:33',1,'系统管理员','2019-08-10 16:53:09',1,'系统管理员'),
	(123520351515705344,1,41,001,'2019-08-10 16:51:33',1,'系统管理员','2019-08-10 16:53:09',1,'系统管理员'),
	(123520351519899648,1,42,001,'2019-08-10 16:51:33',1,'系统管理员','2019-08-10 16:53:09',1,'系统管理员'),
	(123520351521996800,1,87,001,'2019-08-10 16:51:33',1,'系统管理员','2019-08-10 16:53:09',1,'系统管理员'),
	(123520351524093952,1,20,001,'2019-08-10 16:51:33',1,'系统管理员','2019-08-10 16:53:09',1,'系统管理员'),
	(123520351528288256,1,69,001,'2019-08-10 16:51:33',1,'系统管理员','2019-08-10 16:53:09',1,'系统管理员'),
	(123520351530385408,1,79,001,'2019-08-10 16:51:33',1,'系统管理员','2019-08-10 16:53:09',1,'系统管理员'),
	(123520351532482560,1,81,001,'2019-08-10 16:51:33',1,'系统管理员','2019-08-10 16:53:09',1,'系统管理员'),
	(123520351536676864,1,83,001,'2019-08-10 16:51:33',1,'系统管理员','2019-08-10 16:53:09',1,'系统管理员'),
	(123520351538774016,1,80,001,'2019-08-10 16:51:33',1,'系统管理员','2019-08-10 16:53:09',1,'系统管理员'),
	(123520351542968320,1,92,001,'2019-08-10 16:51:33',1,'系统管理员','2019-08-10 16:53:09',1,'系统管理员'),
	(123520351545065472,1,93,001,'2019-08-10 16:51:33',1,'系统管理员','2019-08-10 16:53:09',1,'系统管理员'),
	(123520351549259776,1,94,001,'2019-08-10 16:51:33',1,'系统管理员','2019-08-10 16:53:09',1,'系统管理员'),
	(123520351551356928,1,95,001,'2019-08-10 16:51:33',1,'系统管理员','2019-08-10 16:53:09',1,'系统管理员'),
	(123520351553454080,1,96,001,'2019-08-10 16:51:33',1,'系统管理员','2019-08-10 16:53:09',1,'系统管理员'),
	(123520351555551232,1,97,001,'2019-08-10 16:51:33',1,'系统管理员','2019-08-10 16:53:09',1,'系统管理员'),
	(123520351557648384,1,98,001,'2019-08-10 16:51:33',1,'系统管理员','2019-08-10 16:53:09',1,'系统管理员'),
	(123520351561842688,1,99,001,'2019-08-10 16:51:33',1,'系统管理员','2019-08-10 16:53:09',1,'系统管理员'),
	(123520351563939840,1,100,001,'2019-08-10 16:51:33',1,'系统管理员','2019-08-10 16:53:09',1,'系统管理员'),
	(123520351566036992,1,101,001,'2019-08-10 16:51:33',1,'系统管理员','2019-08-10 16:53:09',1,'系统管理员'),
	(123520552479490048,1,62,001,'2019-08-10 16:53:09',1,'系统管理员','2019-08-10 16:55:40',1,'系统管理员'),
	(123520552483684352,1,4,001,'2019-08-10 16:53:09',1,'系统管理员','2019-08-10 16:55:40',1,'系统管理员'),
	(123520552485781504,1,28,001,'2019-08-10 16:53:09',1,'系统管理员','2019-08-10 16:55:40',1,'系统管理员'),
	(123520552487878656,1,29,001,'2019-08-10 16:53:09',1,'系统管理员','2019-08-10 16:55:40',1,'系统管理员'),
	(123520552489975808,1,30,001,'2019-08-10 16:53:09',1,'系统管理员','2019-08-10 16:55:40',1,'系统管理员'),
	(123520552492072960,1,31,001,'2019-08-10 16:53:09',1,'系统管理员','2019-08-10 16:55:40',1,'系统管理员'),
	(123520552494170112,1,32,001,'2019-08-10 16:53:09',1,'系统管理员','2019-08-10 16:55:40',1,'系统管理员'),
	(123520552496267264,1,33,001,'2019-08-10 16:53:09',1,'系统管理员','2019-08-10 16:55:40',1,'系统管理员'),
	(123520552498364416,1,34,001,'2019-08-10 16:53:09',1,'系统管理员','2019-08-10 16:55:40',1,'系统管理员'),
	(123520552536113152,1,43,001,'2019-08-10 16:53:09',1,'系统管理员','2019-08-10 16:55:40',1,'系统管理员'),
	(123520552538210304,1,86,001,'2019-08-10 16:53:09',1,'系统管理员','2019-08-10 16:55:40',1,'系统管理员'),
	(123520552540307456,1,7,001,'2019-08-10 16:53:09',1,'系统管理员','2019-08-10 16:55:40',1,'系统管理员'),
	(123520552544501760,1,8,001,'2019-08-10 16:53:09',1,'系统管理员','2019-08-10 16:55:40',1,'系统管理员'),
	(123520552546598912,1,9,001,'2019-08-10 16:53:09',1,'系统管理员','2019-08-10 16:55:40',1,'系统管理员'),
	(123520552546598913,1,10,001,'2019-08-10 16:53:09',1,'系统管理员','2019-08-10 16:55:40',1,'系统管理员'),
	(123520552548696064,1,71,001,'2019-08-10 16:53:09',1,'系统管理员','2019-08-10 16:55:40',1,'系统管理员'),
	(123520552550793216,1,72,001,'2019-08-10 16:53:09',1,'系统管理员','2019-08-10 16:55:40',1,'系统管理员'),
	(123520552552890368,1,73,001,'2019-08-10 16:53:09',1,'系统管理员','2019-08-10 16:55:40',1,'系统管理员'),
	(123520552554987520,1,74,001,'2019-08-10 16:53:09',1,'系统管理员','2019-08-10 16:55:40',1,'系统管理员'),
	(123520552557084672,1,75,001,'2019-08-10 16:53:09',1,'系统管理员','2019-08-10 16:55:40',1,'系统管理员'),
	(123520552559181824,1,76,001,'2019-08-10 16:53:09',1,'系统管理员','2019-08-10 16:55:40',1,'系统管理员'),
	(123520552561278976,1,77,001,'2019-08-10 16:53:09',1,'系统管理员','2019-08-10 16:55:40',1,'系统管理员'),
	(123520552563376128,1,78,001,'2019-08-10 16:53:09',1,'系统管理员','2019-08-10 16:55:40',1,'系统管理员'),
	(123520552565473280,1,82,001,'2019-08-10 16:53:09',1,'系统管理员','2019-08-10 16:55:40',1,'系统管理员'),
	(123520552567570432,1,85,001,'2019-08-10 16:53:09',1,'系统管理员','2019-08-10 16:55:40',1,'系统管理员'),
	(123520552569667584,1,1,001,'2019-08-10 16:53:09',1,'系统管理员','2019-08-10 16:55:40',1,'系统管理员'),
	(123520552571764736,1,11,001,'2019-08-10 16:53:09',1,'系统管理员','2019-08-10 16:55:40',1,'系统管理员'),
	(123520552573861888,1,24,001,'2019-08-10 16:53:09',1,'系统管理员','2019-08-10 16:55:40',1,'系统管理员'),
	(123520552573861889,1,25,001,'2019-08-10 16:53:09',1,'系统管理员','2019-08-10 16:55:40',1,'系统管理员'),
	(123520552575959040,1,26,001,'2019-08-10 16:53:09',1,'系统管理员','2019-08-10 16:55:40',1,'系统管理员'),
	(123520552578056192,1,27,001,'2019-08-10 16:53:09',1,'系统管理员','2019-08-10 16:55:40',1,'系统管理员'),
	(123520552580153344,1,35,001,'2019-08-10 16:53:09',1,'系统管理员','2019-08-10 16:55:40',1,'系统管理员'),
	(123520552582250496,1,36,001,'2019-08-10 16:53:09',1,'系统管理员','2019-08-10 16:55:40',1,'系统管理员'),
	(123520552584347648,1,70,001,'2019-08-10 16:53:09',1,'系统管理员','2019-08-10 16:55:40',1,'系统管理员'),
	(123520552586444800,1,84,001,'2019-08-10 16:53:09',1,'系统管理员','2019-08-10 16:55:40',1,'系统管理员'),
	(123520552588541952,1,88,001,'2019-08-10 16:53:09',1,'系统管理员','2019-08-10 16:55:40',1,'系统管理员'),
	(123520552590639104,1,89,001,'2019-08-10 16:53:09',1,'系统管理员','2019-08-10 16:55:40',1,'系统管理员'),
	(123520552592736256,1,90,001,'2019-08-10 16:53:09',1,'系统管理员','2019-08-10 16:55:40',1,'系统管理员'),
	(123520552594833408,1,91,001,'2019-08-10 16:53:09',1,'系统管理员','2019-08-10 16:55:40',1,'系统管理员'),
	(123520552596930560,1,2,001,'2019-08-10 16:53:09',1,'系统管理员','2019-08-10 16:55:40',1,'系统管理员'),
	(123520552599027712,1,14,001,'2019-08-10 16:53:09',1,'系统管理员','2019-08-10 16:55:40',1,'系统管理员'),
	(123520552601124864,1,37,001,'2019-08-10 16:53:09',1,'系统管理员','2019-08-10 16:55:40',1,'系统管理员'),
	(123520552603222016,1,38,001,'2019-08-10 16:53:09',1,'系统管理员','2019-08-10 16:55:40',1,'系统管理员'),
	(123520552603222017,1,39,001,'2019-08-10 16:53:09',1,'系统管理员','2019-08-10 16:55:40',1,'系统管理员'),
	(123520552605319168,1,40,001,'2019-08-10 16:53:09',1,'系统管理员','2019-08-10 16:55:40',1,'系统管理员'),
	(123520552607416320,1,41,001,'2019-08-10 16:53:09',1,'系统管理员','2019-08-10 16:55:40',1,'系统管理员'),
	(123520552609513472,1,42,001,'2019-08-10 16:53:09',1,'系统管理员','2019-08-10 16:55:40',1,'系统管理员'),
	(123520552611610624,1,87,001,'2019-08-10 16:53:09',1,'系统管理员','2019-08-10 16:55:40',1,'系统管理员'),
	(123520552613707776,1,20,001,'2019-08-10 16:53:09',1,'系统管理员','2019-08-10 16:55:40',1,'系统管理员'),
	(123520552615804928,1,69,001,'2019-08-10 16:53:09',1,'系统管理员','2019-08-10 16:55:40',1,'系统管理员'),
	(123520552617902080,1,79,001,'2019-08-10 16:53:09',1,'系统管理员','2019-08-10 16:55:40',1,'系统管理员'),
	(123520552619999232,1,81,001,'2019-08-10 16:53:09',1,'系统管理员','2019-08-10 16:55:40',1,'系统管理员'),
	(123520552622096384,1,83,001,'2019-08-10 16:53:09',1,'系统管理员','2019-08-10 16:55:40',1,'系统管理员'),
	(123520552624193536,1,80,001,'2019-08-10 16:53:09',1,'系统管理员','2019-08-10 16:55:40',1,'系统管理员'),
	(123520552626290688,1,92,001,'2019-08-10 16:53:09',1,'系统管理员','2019-08-10 16:55:40',1,'系统管理员'),
	(123520552630484992,1,93,001,'2019-08-10 16:53:09',1,'系统管理员','2019-08-10 16:55:40',1,'系统管理员'),
	(123520552634679296,1,94,001,'2019-08-10 16:53:09',1,'系统管理员','2019-08-10 16:55:40',1,'系统管理员'),
	(123520552636776448,1,95,001,'2019-08-10 16:53:09',1,'系统管理员','2019-08-10 16:55:40',1,'系统管理员'),
	(123520552638873600,1,96,001,'2019-08-10 16:53:09',1,'系统管理员','2019-08-10 16:55:40',1,'系统管理员'),
	(123520552640970752,1,97,001,'2019-08-10 16:53:09',1,'系统管理员','2019-08-10 16:55:40',1,'系统管理员'),
	(123520552643067904,1,98,001,'2019-08-10 16:53:09',1,'系统管理员','2019-08-10 16:55:40',1,'系统管理员'),
	(123520552645165056,1,99,001,'2019-08-10 16:53:09',1,'系统管理员','2019-08-10 16:55:40',1,'系统管理员'),
	(123520552647262208,1,100,001,'2019-08-10 16:53:09',1,'系统管理员','2019-08-10 16:55:40',1,'系统管理员'),
	(123520552649359360,1,101,001,'2019-08-10 16:53:09',1,'系统管理员','2019-08-10 16:55:40',1,'系统管理员'),
	(123520869990400000,1,62,000,'2019-08-10 16:55:40',1,'系统管理员',NULL,NULL,NULL),
	(123520869994594304,1,4,000,'2019-08-10 16:55:40',1,'系统管理员',NULL,NULL,NULL),
	(123520869996691456,1,28,000,'2019-08-10 16:55:40',1,'系统管理员',NULL,NULL,NULL),
	(123520870005080064,1,29,000,'2019-08-10 16:55:40',1,'系统管理员',NULL,NULL,NULL),
	(123520870007177216,1,30,000,'2019-08-10 16:55:40',1,'系统管理员',NULL,NULL,NULL),
	(123520870009274368,1,31,000,'2019-08-10 16:55:40',1,'系统管理员',NULL,NULL,NULL),
	(123520870011371520,1,32,000,'2019-08-10 16:55:40',1,'系统管理员',NULL,NULL,NULL),
	(123520870015565824,1,33,000,'2019-08-10 16:55:40',1,'系统管理员',NULL,NULL,NULL),
	(123520870017662976,1,34,000,'2019-08-10 16:55:40',1,'系统管理员',NULL,NULL,NULL),
	(123520870019760128,1,43,000,'2019-08-10 16:55:40',1,'系统管理员',NULL,NULL,NULL),
	(123520870021857280,1,86,000,'2019-08-10 16:55:40',1,'系统管理员',NULL,NULL,NULL),
	(123520870026051584,1,7,000,'2019-08-10 16:55:40',1,'系统管理员',NULL,NULL,NULL),
	(123520870028148736,1,8,000,'2019-08-10 16:55:40',1,'系统管理员',NULL,NULL,NULL),
	(123520870028148737,1,9,000,'2019-08-10 16:55:40',1,'系统管理员',NULL,NULL,NULL),
	(123520870034440192,1,10,000,'2019-08-10 16:55:40',1,'系统管理员',NULL,NULL,NULL),
	(123520870036537344,1,71,000,'2019-08-10 16:55:40',1,'系统管理员',NULL,NULL,NULL),
	(123520870038634496,1,72,000,'2019-08-10 16:55:40',1,'系统管理员',NULL,NULL,NULL),
	(123520870040731648,1,73,000,'2019-08-10 16:55:40',1,'系统管理员',NULL,NULL,NULL),
	(123520870042828800,1,74,000,'2019-08-10 16:55:40',1,'系统管理员',NULL,NULL,NULL),
	(123520870044925952,1,75,000,'2019-08-10 16:55:40',1,'系统管理员',NULL,NULL,NULL),
	(123520870047023104,1,76,000,'2019-08-10 16:55:40',1,'系统管理员',NULL,NULL,NULL),
	(123520870049120256,1,77,000,'2019-08-10 16:55:40',1,'系统管理员',NULL,NULL,NULL),
	(123520870051217408,1,78,000,'2019-08-10 16:55:40',1,'系统管理员',NULL,NULL,NULL),
	(123520870053314560,1,82,000,'2019-08-10 16:55:40',1,'系统管理员',NULL,NULL,NULL),
	(123520870055411712,1,85,000,'2019-08-10 16:55:40',1,'系统管理员',NULL,NULL,NULL),
	(123520870057508864,1,1,000,'2019-08-10 16:55:40',1,'系统管理员',NULL,NULL,NULL),
	(123520870059606016,1,11,000,'2019-08-10 16:55:40',1,'系统管理员',NULL,NULL,NULL),
	(123520870061703168,1,24,000,'2019-08-10 16:55:40',1,'系统管理员',NULL,NULL,NULL),
	(123520870063800320,1,25,000,'2019-08-10 16:55:40',1,'系统管理员',NULL,NULL,NULL),
	(123520870065897472,1,26,000,'2019-08-10 16:55:40',1,'系统管理员',NULL,NULL,NULL),
	(123520870067994624,1,27,000,'2019-08-10 16:55:40',1,'系统管理员',NULL,NULL,NULL),
	(123520870067994625,1,35,000,'2019-08-10 16:55:40',1,'系统管理员',NULL,NULL,NULL),
	(123520870070091776,1,36,000,'2019-08-10 16:55:40',1,'系统管理员',NULL,NULL,NULL),
	(123520870072188928,1,70,000,'2019-08-10 16:55:40',1,'系统管理员',NULL,NULL,NULL),
	(123520870074286080,1,84,000,'2019-08-10 16:55:40',1,'系统管理员',NULL,NULL,NULL),
	(123520870076383232,1,88,000,'2019-08-10 16:55:40',1,'系统管理员',NULL,NULL,NULL),
	(123520870078480384,1,89,000,'2019-08-10 16:55:40',1,'系统管理员',NULL,NULL,NULL),
	(123520870080577536,1,90,000,'2019-08-10 16:55:40',1,'系统管理员',NULL,NULL,NULL),
	(123520870082674688,1,91,000,'2019-08-10 16:55:40',1,'系统管理员',NULL,NULL,NULL),
	(123520870084771840,1,2,000,'2019-08-10 16:55:40',1,'系统管理员',NULL,NULL,NULL),
	(123520870086868992,1,14,000,'2019-08-10 16:55:40',1,'系统管理员',NULL,NULL,NULL),
	(123520870088966144,1,37,000,'2019-08-10 16:55:40',1,'系统管理员',NULL,NULL,NULL),
	(123520870091063296,1,38,000,'2019-08-10 16:55:40',1,'系统管理员',NULL,NULL,NULL),
	(123520870093160448,1,39,000,'2019-08-10 16:55:40',1,'系统管理员',NULL,NULL,NULL),
	(123520870095257600,1,40,000,'2019-08-10 16:55:40',1,'系统管理员',NULL,NULL,NULL),
	(123520870099451904,1,41,000,'2019-08-10 16:55:40',1,'系统管理员',NULL,NULL,NULL),
	(123520870101549056,1,42,000,'2019-08-10 16:55:40',1,'系统管理员',NULL,NULL,NULL),
	(123520870107840512,1,87,000,'2019-08-10 16:55:40',1,'系统管理员',NULL,NULL,NULL),
	(123520870109937664,1,20,000,'2019-08-10 16:55:40',1,'系统管理员',NULL,NULL,NULL),
	(123520870112034816,1,69,000,'2019-08-10 16:55:40',1,'系统管理员',NULL,NULL,NULL),
	(123520870114131968,1,79,000,'2019-08-10 16:55:40',1,'系统管理员',NULL,NULL,NULL),
	(123520870116229120,1,81,000,'2019-08-10 16:55:40',1,'系统管理员',NULL,NULL,NULL),
	(123520870118326272,1,83,000,'2019-08-10 16:55:40',1,'系统管理员',NULL,NULL,NULL),
	(123520870120423424,1,80,000,'2019-08-10 16:55:40',1,'系统管理员',NULL,NULL,NULL),
	(123520870124617728,1,92,000,'2019-08-10 16:55:40',1,'系统管理员',NULL,NULL,NULL),
	(123520870124617729,1,93,000,'2019-08-10 16:55:40',1,'系统管理员',NULL,NULL,NULL),
	(123520870126714880,1,94,000,'2019-08-10 16:55:40',1,'系统管理员',NULL,NULL,NULL),
	(123520870128812032,1,95,000,'2019-08-10 16:55:40',1,'系统管理员',NULL,NULL,NULL),
	(123520870130909184,1,96,000,'2019-08-10 16:55:40',1,'系统管理员',NULL,NULL,NULL),
	(123520870133006336,1,97,000,'2019-08-10 16:55:40',1,'系统管理员',NULL,NULL,NULL),
	(123520870135103488,1,98,000,'2019-08-10 16:55:40',1,'系统管理员',NULL,NULL,NULL),
	(123520870137200640,1,99,000,'2019-08-10 16:55:40',1,'系统管理员',NULL,NULL,NULL),
	(123520870139297792,1,100,000,'2019-08-10 16:55:40',1,'系统管理员',NULL,NULL,NULL),
	(123520870139297793,1,101,000,'2019-08-10 16:55:40',1,'系统管理员',NULL,NULL,NULL),
	(123521604482236416,70618387750846464,62,000,'2019-08-10 17:01:30',1,'系统管理员',NULL,NULL,NULL),
	(123521604484333568,70618387750846464,4,000,'2019-08-10 17:01:30',1,'系统管理员',NULL,NULL,NULL),
	(123521604486430720,70618387750846464,28,000,'2019-08-10 17:01:30',1,'系统管理员',NULL,NULL,NULL),
	(123521604488527872,70618387750846464,29,000,'2019-08-10 17:01:30',1,'系统管理员',NULL,NULL,NULL),
	(123521604490625024,70618387750846464,30,000,'2019-08-10 17:01:30',1,'系统管理员',NULL,NULL,NULL),
	(123521604492722176,70618387750846464,32,000,'2019-08-10 17:01:30',1,'系统管理员',NULL,NULL,NULL),
	(123521604492722177,70618387750846464,43,000,'2019-08-10 17:01:30',1,'系统管理员',NULL,NULL,NULL),
	(123521604494819328,70618387750846464,86,000,'2019-08-10 17:01:30',1,'系统管理员',NULL,NULL,NULL),
	(123521604496916480,70618387750846464,7,000,'2019-08-10 17:01:30',1,'系统管理员',NULL,NULL,NULL),
	(123521604503207936,70618387750846464,8,000,'2019-08-10 17:01:30',1,'系统管理员',NULL,NULL,NULL),
	(123521604505305088,70618387750846464,9,000,'2019-08-10 17:01:30',1,'系统管理员',NULL,NULL,NULL),
	(123521604507402240,70618387750846464,10,000,'2019-08-10 17:01:30',1,'系统管理员',NULL,NULL,NULL),
	(123521604509499392,70618387750846464,71,000,'2019-08-10 17:01:30',1,'系统管理员',NULL,NULL,NULL),
	(123521604511596544,70618387750846464,72,000,'2019-08-10 17:01:30',1,'系统管理员',NULL,NULL,NULL),
	(123521604513693696,70618387750846464,73,000,'2019-08-10 17:01:30',1,'系统管理员',NULL,NULL,NULL),
	(123521604515790848,70618387750846464,74,000,'2019-08-10 17:01:30',1,'系统管理员',NULL,NULL,NULL),
	(123521604517888000,70618387750846464,75,000,'2019-08-10 17:01:30',1,'系统管理员',NULL,NULL,NULL),
	(123521604519985152,70618387750846464,76,000,'2019-08-10 17:01:30',1,'系统管理员',NULL,NULL,NULL),
	(123521604522082304,70618387750846464,77,000,'2019-08-10 17:01:30',1,'系统管理员',NULL,NULL,NULL),
	(123521604522082305,70618387750846464,78,000,'2019-08-10 17:01:30',1,'系统管理员',NULL,NULL,NULL),
	(123521604524179456,70618387750846464,82,000,'2019-08-10 17:01:30',1,'系统管理员',NULL,NULL,NULL),
	(123521604526276608,70618387750846464,85,000,'2019-08-10 17:01:30',1,'系统管理员',NULL,NULL,NULL),
	(123521604528373760,70618387750846464,1,000,'2019-08-10 17:01:30',1,'系统管理员',NULL,NULL,NULL),
	(123521604530470912,70618387750846464,11,000,'2019-08-10 17:01:30',1,'系统管理员',NULL,NULL,NULL),
	(123521604532568064,70618387750846464,24,000,'2019-08-10 17:01:30',1,'系统管理员',NULL,NULL,NULL),
	(123521604536762368,70618387750846464,25,000,'2019-08-10 17:01:30',1,'系统管理员',NULL,NULL,NULL),
	(123521604536762369,70618387750846464,26,000,'2019-08-10 17:01:30',1,'系统管理员',NULL,NULL,NULL),
	(123521604538859520,70618387750846464,27,000,'2019-08-10 17:01:30',1,'系统管理员',NULL,NULL,NULL),
	(123521604540956672,70618387750846464,35,000,'2019-08-10 17:01:30',1,'系统管理员',NULL,NULL,NULL),
	(123521604543053824,70618387750846464,36,000,'2019-08-10 17:01:30',1,'系统管理员',NULL,NULL,NULL),
	(123521604545150976,70618387750846464,70,000,'2019-08-10 17:01:30',1,'系统管理员',NULL,NULL,NULL),
	(123521604547248128,70618387750846464,84,000,'2019-08-10 17:01:30',1,'系统管理员',NULL,NULL,NULL),
	(123521604547248129,70618387750846464,88,000,'2019-08-10 17:01:30',1,'系统管理员',NULL,NULL,NULL),
	(123521604549345280,70618387750846464,89,000,'2019-08-10 17:01:30',1,'系统管理员',NULL,NULL,NULL),
	(123521604551442432,70618387750846464,90,000,'2019-08-10 17:01:30',1,'系统管理员',NULL,NULL,NULL),
	(123521604553539584,70618387750846464,91,000,'2019-08-10 17:01:30',1,'系统管理员',NULL,NULL,NULL),
	(123521604555636736,70618387750846464,2,000,'2019-08-10 17:01:30',1,'系统管理员',NULL,NULL,NULL),
	(123521604557733888,70618387750846464,14,000,'2019-08-10 17:01:30',1,'系统管理员',NULL,NULL,NULL),
	(123521604559831040,70618387750846464,37,000,'2019-08-10 17:01:30',1,'系统管理员',NULL,NULL,NULL),
	(123521604564025344,70618387750846464,38,000,'2019-08-10 17:01:30',1,'系统管理员',NULL,NULL,NULL),
	(123521604566122496,70618387750846464,39,000,'2019-08-10 17:01:30',1,'系统管理员',NULL,NULL,NULL),
	(123521604566122497,70618387750846464,40,000,'2019-08-10 17:01:30',1,'系统管理员',NULL,NULL,NULL),
	(123521604568219648,70618387750846464,41,000,'2019-08-10 17:01:30',1,'系统管理员',NULL,NULL,NULL),
	(123521604570316800,70618387750846464,42,000,'2019-08-10 17:01:30',1,'系统管理员',NULL,NULL,NULL),
	(123521604572413952,70618387750846464,87,000,'2019-08-10 17:01:30',1,'系统管理员',NULL,NULL,NULL),
	(123521604574511104,70618387750846464,69,000,'2019-08-10 17:01:30',1,'系统管理员',NULL,NULL,NULL),
	(123521604576608256,70618387750846464,79,000,'2019-08-10 17:01:30',1,'系统管理员',NULL,NULL,NULL),
	(123521604578705408,70618387750846464,81,000,'2019-08-10 17:01:30',1,'系统管理员',NULL,NULL,NULL),
	(123521604580802560,70618387750846464,83,000,'2019-08-10 17:01:30',1,'系统管理员',NULL,NULL,NULL),
	(123521604582899712,70618387750846464,80,000,'2019-08-10 17:01:30',1,'系统管理员',NULL,NULL,NULL),
	(123521604582899713,70618387750846464,92,000,'2019-08-10 17:01:30',1,'系统管理员',NULL,NULL,NULL),
	(123521604584996864,70618387750846464,93,000,'2019-08-10 17:01:30',1,'系统管理员',NULL,NULL,NULL),
	(123521604587094016,70618387750846464,94,000,'2019-08-10 17:01:30',1,'系统管理员',NULL,NULL,NULL),
	(123521604589191168,70618387750846464,95,000,'2019-08-10 17:01:30',1,'系统管理员',NULL,NULL,NULL),
	(123521604591288320,70618387750846464,96,000,'2019-08-10 17:01:30',1,'系统管理员',NULL,NULL,NULL),
	(123521604593385472,70618387750846464,97,000,'2019-08-10 17:01:30',1,'系统管理员',NULL,NULL,NULL),
	(123521604595482624,70618387750846464,98,000,'2019-08-10 17:01:30',1,'系统管理员',NULL,NULL,NULL),
	(123521604597579776,70618387750846464,99,000,'2019-08-10 17:01:30',1,'系统管理员',NULL,NULL,NULL),
	(123521604599676928,70618387750846464,100,000,'2019-08-10 17:01:30',1,'系统管理员',NULL,NULL,NULL),
	(123521604599676929,70618387750846464,101,000,'2019-08-10 17:01:30',1,'系统管理员',NULL,NULL,NULL);

/*!40000 ALTER TABLE `t_role_privilege` ENABLE KEYS */;
UNLOCK TABLES;


# Dump of table t_user
# ------------------------------------------------------------

DROP TABLE IF EXISTS `t_user`;

CREATE TABLE `t_user` (
  `user_id` bigint(20) NOT NULL AUTO_INCREMENT,
  `username` varchar(30) COLLATE utf8mb4_unicode_ci NOT NULL,
  `password` varchar(40) COLLATE utf8mb4_unicode_ci DEFAULT NULL,
  `salt` varchar(10) COLLATE utf8mb4_unicode_ci DEFAULT NULL,
  `realname` varchar(255) COLLATE utf8mb4_unicode_ci DEFAULT NULL,
  `nickname` varchar(255) COLLATE utf8mb4_unicode_ci DEFAULT NULL,
  `email` varchar(255) COLLATE utf8mb4_unicode_ci DEFAULT NULL,
  `cellphone` varchar(20) COLLATE utf8mb4_unicode_ci DEFAULT NULL,
  `portrait_url` varchar(2048) COLLATE utf8mb4_unicode_ci DEFAULT NULL,
  `weixin` varchar(100) COLLATE utf8mb4_unicode_ci DEFAULT NULL,
  `birthday` date DEFAULT NULL,
  `gender` varchar(10) COLLATE utf8mb4_unicode_ci DEFAULT NULL,
  `is_locked` tinyint(3) unsigned zerofill DEFAULT 000,
  `last_login_ip` varchar(30) COLLATE utf8mb4_unicode_ci DEFAULT NULL,
  `last_login_time` datetime DEFAULT NULL,
  `is_deleted` tinyint(3) unsigned zerofill DEFAULT NULL,
  `created_time` datetime DEFAULT current_timestamp(),
  `creater_id` bigint(20) DEFAULT NULL,
  `creater_name` varchar(40) COLLATE utf8mb4_unicode_ci DEFAULT NULL,
  `last_modified_time` datetime DEFAULT NULL,
  `last_modifier_id` bigint(20) DEFAULT NULL,
  `last_modifier_name` varchar(40) COLLATE utf8mb4_unicode_ci DEFAULT NULL,
  `group_id` bigint(20) DEFAULT NULL,
  `full_text` varchar(2048) COLLATE utf8mb4_unicode_ci DEFAULT NULL,
  PRIMARY KEY (`user_id`),
  UNIQUE KEY `user_id` (`user_id`),
  UNIQUE KEY `username` (`username`)
) ENGINE=InnoDB DEFAULT CHARSET=utf8mb4 COLLATE=utf8mb4_unicode_ci;

LOCK TABLES `t_user` WRITE;
/*!40000 ALTER TABLE `t_user` DISABLE KEYS */;

INSERT INTO `t_user` (`user_id`, `username`, `password`, `salt`, `realname`, `nickname`, `email`, `cellphone`, `portrait_url`, `weixin`, `birthday`, `gender`, `is_locked`, `last_login_ip`, `last_login_time`, `is_deleted`, `created_time`, `creater_id`, `creater_name`, `last_modified_time`, `last_modifier_id`, `last_modifier_name`, `group_id`, `full_text`)
VALUES
	(1,'admin','bb06c3bd479d5ea1ec2875c899b326ef','S{4Pvyd(','系统管理员','系统管理员','admin@huatu.com','13910326704','/img/02-03.jpg',NULL,'1981-12-01','男',000,NULL,NULL,000,'2017-10-21 10:18:17',NULL,NULL,'2019-08-07 10:22:40',NULL,NULL,0,'1:admin:系统管理员:系统管理员:admin@huatu.com:13910326704:1981-12-01 00:00:00:男'),
	(12948627418775552,'aaa','26b3cf65a2167b49f26161a6433b24bc','idptGf),','aaa','aa','aa@aa.com','13900001111',NULL,NULL,'2017-12-02','（未知）',000,NULL,NULL,000,'2017-12-08 11:06:26',1,NULL,'2019-08-29 14:40:00',1,'系统管理员',0,'12948627418775552:aaa:aaa:aa:aa@aa.com:13900001111:2017-12-02 00:00:00:（未知）'),
	(12949137737646080,'aaaaa','26b3cf65a2167b49f26161a6433b24bc','idptGf),','真实姓名','昵称','email@email.com','100000000',NULL,NULL,NULL,'男',000,NULL,NULL,000,'2017-12-08 11:10:30',1,'系统管理员','2017-12-10 13:55:41',1,'系统管理员',0,'12949137737646080:aaaaa:真实姓名:昵称:email@email.com:100000000::男'),
	(12952271639805952,'cccc','26b3cf65a2167b49f26161a6433b24bc','idptGf),','真实姓名','昵称','email','10000000',NULL,NULL,NULL,'男',000,NULL,NULL,000,'2017-12-08 11:35:24',1,'系统管理员',NULL,NULL,NULL,0,NULL),
	(12953029835751424,'ccccd','26b3cf65a2167b49f26161a6433b24bc','idptGf),','真实姓名','昵称','email','1010',NULL,NULL,NULL,'男',000,NULL,NULL,000,'2017-12-08 11:41:25',1,'系统管理员','2017-12-10 13:55:27',1,'系统管理员',0,'12953029835751424:ccccd:真实姓名:昵称:email:10000000::男'),
	(12954326488055808,'ddddd','26b3cf65a2167b49f26161a6433b24bc','idptGf),','eeee','fffff','ggggg','77',NULL,NULL,'2017-12-16','（未知）',000,NULL,NULL,000,'2017-12-08 11:51:44',1,'系统管理员',NULL,NULL,NULL,0,'12954326488055808:ddddd:eeee:fffff:ggggg:11111111:2017-12-16 00:00:00:（未知）'),
	(12954379130765312,'ddddde','26b3cf65a2167b49f26161a6433b24bc','idptGf),','eeee','fffff','','88',NULL,NULL,NULL,'（未知）',000,NULL,NULL,000,'2017-12-08 11:52:09',1,'系统管理员',NULL,NULL,NULL,0,'12954379130765312:ddddde:eeee:fffff::11111111::（未知）'),
	(12954786605301760,'ddddddddddd','26b3cf65a2167b49f26161a6433b24bc','idptGf),','ffffffffff','ggggggggg','hhhhhhhh','iiiiiiiii',NULL,NULL,'2017-12-30','男',000,NULL,NULL,000,'2017-12-08 11:55:23',1,'系统管理员',NULL,NULL,NULL,1,'12954786605301760:ddddddddddd:ffffffffff:ggggggggg:hhhhhhhh:iiiiiiiii:2017-12-30 00:00:00:男'),
	(13345913443450880,'aaabbbbbbbcccccc','26b3cf65a2167b49f26161a6433b24bc','idptGf),','aaaa','aaaaa',NULL,NULL,NULL,NULL,NULL,NULL,000,NULL,NULL,001,'2017-12-10 15:43:47',1,'系统管理员','2017-12-16 19:34:41',1,'系统管理员',0,'13345913443450880:aaabbbbbbbcccccc:aaaa:aaaaa::::'),
	(13345931657216000,'aaabbbbbbbccccccdd','26b3cf65a2167b49f26161a6433b24bc','idptGf),','aaaa','aaaaa',NULL,NULL,NULL,NULL,NULL,NULL,000,NULL,NULL,001,'2017-12-10 15:43:56',1,'系统管理员','2017-12-10 15:44:28',1,'系统管理员',0,'13345931657216000:aaabbbbbbbccccccdd:aaaa:aaaaa::::'),
	(13345945253052416,'aaabbbbbbbccccccddeee','26b3cf65a2167b49f26161a6433b24bc','idptGf),','aaaa','aaaaa',NULL,NULL,NULL,NULL,NULL,NULL,000,NULL,NULL,001,'2017-12-10 15:44:02',1,'系统管理员','2017-12-10 15:44:39',1,'系统管理员',0,'13345945253052416:aaabbbbbbbccccccddeee:aaaa:aaaaa::::'),
	(13345962164486144,'aaabbbbbbbccccccddeeefff','26b3cf65a2167b49f26161a6433b24bc','idptGf),','aaaa','aaaaa',NULL,NULL,NULL,NULL,NULL,NULL,000,NULL,NULL,001,'2017-12-10 15:44:10',1,'系统管理员','2017-12-10 15:44:50',1,'系统管理员',0,'13345962164486144:aaabbbbbbbccccccddeeefff:aaaa:aaaaa::::'),
	(13346082838806528,'user1','6f137254a0e57f9b9470c8becc848257','C5r&olC{','张三','张三的工作号111111','zhangsan@up-task.com','13911112233','/img/02-08.jpg',NULL,'2019-05-20','男',000,NULL,NULL,000,'2017-12-10 15:45:08',1,'系统管理员','2019-08-06 14:22:22',NULL,NULL,0,'13346082838806528:user1:张三:张三的工作号111111:zhangsan@up-task.com:13911112233:2019-05-20 08:00:00:男'),
	(13346100494729216,'user2','81972c2143e677583b33e44665bd6592','\\+M;zHyQ','李四','李四的工作号111','lisi@126.com','13011112222','/img/02-03.jpg',NULL,'2019-02-15','男',000,NULL,NULL,000,'2017-12-10 15:45:16',1,'系统管理员','2019-05-20 13:00:09',NULL,NULL,0,'13346100494729216:user2:李四:李四的工作号111:lisi@126.com:13011112222:2019-02-15 00:00:00:男'),
	(13346122449813504,'user3','26b3cf65a2167b49f26161a6433b24bc','idptGf),','王五','王五的工作号','','','/img/02-01.jpg',NULL,NULL,'男',000,NULL,NULL,000,'2017-12-10 15:45:27',1,'系统管理员','2018-11-15 13:39:14',NULL,NULL,0,'13346122449813504:user3:王五:王五的工作号::::男'),
	(13855239046168576,'user4','26b3cf65a2167b49f26161a6433b24bc','idptGf),','赵六','赵六的工作号','','','/img/02-01.jpg',NULL,'2017-12-07','男',000,NULL,NULL,000,'2017-12-13 11:11:32',1,'系统管理员','2018-11-15 14:22:14',NULL,NULL,0,'13855239046168576:user4:赵六:赵六的工作号:::2017-12-07 00:00:00:男'),
	(15722535150682112,'1111','26b3cf65a2167b49f26161a6433b24bc','idptGf),','11111','1111','1111','11111',NULL,NULL,'2017-12-31','男',000,NULL,NULL,000,'2017-12-23 18:31:28',1,'系统管理员',NULL,NULL,NULL,0,'15722535150682112:1111:11111:1111:1111:11111:2017-12-31 00:00:00:男'),
	(28960771325034496,'ceshi','26b3cf65a2167b49f26161a6433b24bc','idptGf),','测试','测试','ceshi@ceshi.ceshi','99',NULL,NULL,NULL,'（未知）',000,NULL,NULL,000,'2018-03-06 19:59:31',1,'系统管理员',NULL,NULL,NULL,1,'28960771325034496:ceshi:测试:测试:ceshi@ceshi.ceshi:111111::（未知）'),
	(29615289918291968,'htAdmin','26b3cf65a2167b49f26161a6433b24bc','idptGf),','华图管理员','管理员','ht@ht.com','111111111',NULL,NULL,NULL,'（未知）',000,NULL,NULL,000,'2018-03-10 10:41:10',1,'系统管理员',NULL,NULL,NULL,1,'29615289918291968:htAdmin:华图管理员:管理员:ht@ht.com:111111111::（未知）'),
	(29656955161149440,'htEmp','26b3cf65a2167b49f26161a6433b24bc','idptGf),','华图好员工','华图好员工','htemp@ht.com','111111',NULL,NULL,NULL,'男',000,NULL,NULL,000,'2018-03-10 16:12:18',1,'系统管理员',NULL,NULL,NULL,1,'29656955161149440:htEmp:华图好员工:华图好员工:htemp@ht.com:111111::男'),
	(33101303561322496,'comsAdmin','ee5584d31bcad9f777d09ce34c364446','QcM:S;RB','公司管理员','公司管理员','coms_admin@admin.com','13911111112',NULL,NULL,NULL,'（未知）',000,NULL,NULL,000,'2018-03-29 16:25:31',1,'系统管理员','2019-08-10 16:46:58',1,'系统管理员',0,'33101303561322496:comsAdmin:公司管理员:公司管理员:coms_admin@admin.com:13911111112::（未知）'),
	(70574366592598016,'cyMgr','25f11ab40e4f66220cb12ab75af1572c','7MWcg!{8','某某集团管理员','某某集团管理员','admin@iciyun.com','13911111113',NULL,NULL,'2018-10-22','男',000,NULL,NULL,000,'2018-10-22 11:54:40',1,'系统管理员','2019-08-10 16:48:42',1,'系统管理员',0,'70574366592598016:cyMgr:某某集团管理员:某某集团管理员:admin@iciyun.com:13911111113:2018-10-22 00:00:00:男'),
	(70574976561840128,'aaabbbb','b15c4222d8c85db7f60ffe87097781ea','&>h{JnTr','aaa','aaa','111@111.111','22',NULL,NULL,'2018-10-22','男',000,NULL,NULL,000,'2018-10-22 11:59:31',70574366592598016,'磁云管理员',NULL,NULL,NULL,70572776842330112,'70574976561840128:aaabbbb:aaa:aaa:111@111.111:13911111111:2018-10-22 00:00:00:男'),
	(70946240927367168,'123','262e8ded27b0f67efb49a65ad7e617bb','7{5(y>R-','123','123','123@123.123','13912341234',NULL,NULL,'2018-10-24','男',000,NULL,NULL,000,'2018-10-24 13:10:03',70574366592598016,'磁云管理员',NULL,NULL,NULL,70572776842330112,'70946240927367168:123:123:123:123@123.123:13912341234:2018-10-24 00:00:00:男'),
	(70948247734059008,'1234','7c8b107a615bb52dc7aa34a84e12638f','GVbA6i,\\','1234','1234','1234@1234.1234','33',NULL,NULL,'2018-10-24','男',000,NULL,NULL,000,'2018-10-24 13:26:00',70574366592598016,'磁云管理员',NULL,NULL,NULL,70572776842330112,'70948247734059008:1234:1234:1234:1234@1234.1234:13911111111:2018-10-24 00:00:00:男'),
	(70948770518401024,'11111','dcca58ec811bc7c1b77e8cb1ec557133','n;,:r&{6','1111','1111','1111@1111.1111','13912222122',NULL,NULL,'2018-10-24','男',000,NULL,NULL,000,'2018-10-24 13:30:10',70574366592598016,'磁云管理员',NULL,NULL,NULL,70572776842330112,'70948770518401024:11111:1111:1111:1111@1111.1111:13910326704:2018-10-24 00:00:00:男'),
	(70949263068102656,'111','6b73911be526865d5a15819f456b1fe8','t*1O2I\\g','111','111','111@111.111','44',NULL,NULL,'2018-10-24','男',000,NULL,NULL,000,'2018-10-24 13:34:04',70574366592598016,'磁云管理员',NULL,NULL,NULL,70572776842330112,'70949263068102656:111:111:111:111@111.111:13911111111:2018-10-24 00:00:00:男'),
	(70951515489042432,'1','3a53a3a4e52cf587c53fa0561482283c','<M|gn4]m','1','1','1@1.1','55',NULL,NULL,NULL,'男',000,NULL,NULL,000,'2018-10-24 13:51:59',70574366592598016,'磁云管理员',NULL,NULL,NULL,70572776842330112,'70951515489042432:1:1:1:1@1.1:13911111111::男'),
	(70952038415990784,'2','4a5d04905da710853a2bedbbee3a3fd4','+ZFT|hf#','2','2','2@2.2','13922222222',NULL,NULL,NULL,'男',000,NULL,NULL,000,'2018-10-24 13:56:08',70574366592598016,'磁云管理员',NULL,NULL,NULL,70572776842330112,'70952038415990784:2:2:2:2@2.2:13922222222::男'),
	(72215902579326976,'user5','1ace9b25fab52da89b60a1d3e42f43ce','G$,#&b7g','user5','user5','user5@aaa.aaa','66','/img/02-01.jpg',NULL,'2018-11-07','男',000,NULL,NULL,000,'2018-10-31 13:20:25',NULL,NULL,NULL,NULL,NULL,5000000,'72215902579326976:user5:user5:user5:user5@aaa.aaa:13911111111:2018-11-07 00:00:00:男'),
	(74563710865113088,'user10','227e621861ed7e1a46699dce5fccae9d','kyR?L&u)','user10','用户10','','','/img/02-01.jpg',NULL,NULL,'男',000,NULL,NULL,000,'2018-11-13 12:19:08',NULL,NULL,NULL,NULL,NULL,5000000,'74563710865113088:user10:user10:用户10::::男'),
	(89097730634285056,'test111','797ac29db4dd4dc6ca68e73d4f87a21b','_h{ZVUd\\','1111111111','1111111111',NULL,'13900000001',NULL,NULL,NULL,NULL,000,NULL,NULL,000,'2019-02-01 17:25:08',1,'系统管理员',NULL,NULL,NULL,70572776842330112,'89097730634285056:test111:1111111111:1111111111::13900000001::'),
	(91088163235168256,'zhaozuowen','faea0df1e4be548767e5552d1d7b5bb1','NABKIL90','zhaozuowen','zhaozuowen','1004671848@qq.com','13127973700','/img/02-03.jpg',NULL,'1984-02-12','男',000,NULL,NULL,000,'2019-02-12 17:03:40',NULL,NULL,NULL,NULL,NULL,5000000,'91088163235168256:zhaozuowen:zhaozuowen:zhaozuowen:1004671848@qq.com:13127973700:1984-02-12 00:00:00:男'),
	(93233406170628096,'user9','f12321e1bc4acdde727229bb4b941752',',YcPc}u5','user91','user92','user9@126.com','13900001111',NULL,NULL,'2019-02-24','男',000,NULL,NULL,000,'2019-02-24 13:12:32',NULL,NULL,NULL,NULL,NULL,5000000,'93233406170628096:user9:user91:user92:user9@126.com:13900001111:2019-02-24 00:00:00:男'),
	(93234316473008128,'user101','302c9bb68f71d9d9dd60825334fca41e','8!fA)u\'P','user101','user102','user10@126.com','13900001112',NULL,NULL,'2019-02-24','男',000,NULL,NULL,000,'2019-02-24 13:19:46',NULL,NULL,NULL,NULL,NULL,5000000,'93234316473008128:user101:user101:user102:user10@126.com:13900001112:2019-02-24 00:00:00:男'),
	(93963315654426624,'111112','a9628679f424889acf5524aa906c88ba','8x[!E*=-','1111','1111','','','/img/02-03.jpg',NULL,NULL,'男',000,NULL,NULL,000,'2019-02-28 13:53:20',NULL,NULL,NULL,NULL,NULL,5000000,'93963315654426624:111112:1111:1111::::男'),
	(93964223310200832,'112222','4c31775d8b8ca78df7ce419b1f3d31ac','QOacY2$v','112222','112222',NULL,NULL,NULL,NULL,NULL,NULL,000,NULL,NULL,000,'2019-02-28 14:00:33',NULL,NULL,NULL,NULL,NULL,5000000,'93964223310200832:112222:112222:112222::::'),
	(93965925983715328,'userA','d0367cc4445facda2697eaeb17b8fb47','MS|+#1ig','userARealname','userANickname','userA@126.com',NULL,'/img/02-02.jpg',NULL,NULL,NULL,000,NULL,NULL,000,'2019-02-28 14:14:05',NULL,NULL,'2019-02-28 14:15:11',NULL,NULL,5000000,'93965925983715328:userA:userARealname:userANickname:userA@126.com:::'),
	(97204069912805376,'user1001','158e561b2d2e0fd6ee25c431875fbf55','glRqyl/7','AlexZhang','Alex',NULL,NULL,'/img/02-03.jpg',NULL,NULL,NULL,000,NULL,NULL,000,'2019-03-18 11:08:32',NULL,NULL,NULL,NULL,NULL,5000000,'97204069912805376:user1001:AlexZhang:Alex::::'),
	(108651017144369152,'Brandan','970c9afe8cb66a351d76e16f1be4fabe','*d_*[7-<','li','xiang','lixiang01234567890@163.com','18321865251','/img/02-04.jpg',NULL,'1983-10-01','（未知）',000,NULL,NULL,000,'2019-05-20 15:20:42',NULL,NULL,NULL,NULL,NULL,5000000,'108651017144369152:Brandan:li:xiang:lixiang01234567890@163.com:18321865251:1983-10-01 00:00:00:（未知）'),
	(109192779898290176,'anbulufei','bdf0e2ed0eefb73ddd80405253ad498a','6V}p#c9#','安布卢飞','安布卢飞','929246887@qq.com','15712828240','/img/02-03.jpg',NULL,'2019-05-23','男',000,NULL,NULL,000,'2019-05-23 15:06:14',NULL,NULL,'2019-05-23 15:08:26',NULL,NULL,5000000,'109192779898290176:anbulufei:安布卢飞:安布卢飞:929246887@qq.com:15712828240:2019-05-23 00:00:00:男'),
	(109194074935787520,'Jy','5e92177d3c2f32f920a9a9c806714d9d','H@}<>Dvs','jy','jy',NULL,NULL,'/img/default.jpg',NULL,NULL,NULL,000,NULL,NULL,000,'2019-05-23 15:16:32',NULL,NULL,NULL,NULL,NULL,5000000,'109194074935787520:Jy:jy:jy::::'),
	(115529268433256448,'alex1234','b110ef4db94073fca4677b1be6302756','NkwGV$zN','alex1234','alex1234','alex1234@126.com',NULL,'/img/02-01.jpg',NULL,'2019-06-27','男',000,NULL,NULL,000,'2019-06-27 14:24:08',NULL,NULL,NULL,NULL,NULL,5000000,'115529268433256448:alex1234:alex1234:alex1234:alex1234@126.com::2019-06-27 00:00:00:男'),
	(115530040948555776,'a1234','348e7cb06e9923c867470c8133cb49a1','hgr+#b,/','a1234','a1234','a1234@126.com',NULL,'/img/02-01.jpg',NULL,'2019-06-27','男',000,NULL,NULL,000,'2019-06-27 14:30:16',NULL,NULL,NULL,NULL,NULL,5000000,'115530040948555776:a1234:a1234:a1234:a1234@126.com::2019-06-27 00:00:00:男'),
	(115530629205983232,'aaaa1234','ce3f1c926fea601747042b925a2caaab','p-2-!\'w/','1234','1234','1234@126.com',NULL,'/img/02-01.jpg',NULL,'2019-06-27','男',000,NULL,NULL,000,'2019-06-27 14:34:56',NULL,NULL,NULL,NULL,NULL,5000000,'115530629205983232:aaaa1234:1234:1234:1234@126.com::2019-06-27 00:00:00:男'),
	(115585689090785280,'u12345678','bd9dfc078841d3f270340eb08d80f110','pm^4Fq%P','u12345678','u12345678','u12345678@126.com',NULL,'/img/02-01.jpg',NULL,'2019-06-27','男',000,NULL,NULL,000,'2019-06-27 21:52:31',NULL,NULL,NULL,NULL,NULL,5000000,'115585689090785280:u12345678:u12345678:u12345678:u12345678@126.com::2019-06-27 00:00:00:男'),
	(115585812053098496,'123456','59ecf6833656a6bf8aa951bf94e4376b','HX|u)@P\"','123456','123456','123456@123.com',NULL,'/img/02-01.jpg',NULL,'2019-06-27','男',000,NULL,NULL,000,'2019-06-27 21:53:30',NULL,NULL,NULL,NULL,NULL,5000000,'115585812053098496:123456:123456:123456:123456@123.com::2019-06-27 00:00:00:男'),
	(116048820707524608,'aaaaa12345','599c513d782be1f836f6ebe7f1753668','W\\U0:D_/','aaaaa12345','aaaaa12345','aaaaa12345@126.com','13900001111','/img/02-01.jpg',NULL,'2019-06-30','男',000,NULL,NULL,000,'2019-06-30 11:13:09',NULL,NULL,NULL,NULL,NULL,5000000,'116048820707524608:aaaaa12345:aaaaa12345:aaaaa12345:aaaaa12345@126.com:13900001111:2019-06-30 00:00:00:男'),
	(118037833389703168,'aaaaaaaaaa','f8c98433738554783359a9407e51b0d0',',i3t7{;\\','','aaaaaaaaaa','aaa@aaa.com','','/img/02-01.jpg',NULL,NULL,'',000,NULL,NULL,000,'2019-07-11 10:40:25',NULL,NULL,'2019-07-11 10:46:16',NULL,NULL,5000000,'118037833389703168:aaaaaaaaaa::aaaaaaaaaa:aaa@aaa.com:::'),
	(118048598605692928,'aaaaaa','31f0c1652b5790b964f6eca7cddda25f','5\'nCm(\'r','','aaaaaaa','aaaaa@aaa.com','','/img/02-01.jpg',NULL,NULL,'',000,NULL,NULL,000,'2019-07-11 12:05:58',NULL,NULL,NULL,NULL,NULL,5000000,'118048598605692928:aaaaaa::aaaaaaa:aaaaa@aaa.com:::'),
	(118217745188782080,'iii','31a5b5412f6adc5294ea4cf9615c876a','EvR+q:Gz','','I','iii@rr.com','','/img/02-01.jpg',NULL,NULL,'',000,NULL,NULL,000,'2019-07-12 10:30:13',NULL,NULL,NULL,NULL,NULL,5000000,'118217745188782080:iii::I:iii@rr.com:::'),
	(118560739251191808,'aaaaaaa','20a5375e7eb3085b9f66ed1adabc0f75','(40ZPsPE','','aaaaa','aaaaa@aaa.aaa','','/img/02-01.jpg',NULL,NULL,'',000,NULL,NULL,000,'2019-07-14 07:56:05',NULL,NULL,NULL,NULL,NULL,5000000,'118560739251191808:aaaaaaa::aaaaa:aaaaa@aaa.aaa:::'),
	(120048433754013696,'test5678','6886afb8b5429fb8f36139a649049fd7','L;ykX:9\"','','停车等今晚','','','/img/02-01.jpg',NULL,NULL,'',000,NULL,NULL,000,'2019-07-22 12:59:14',NULL,NULL,NULL,NULL,NULL,5000000,'120048433754013696:test5678::停车等今晚::::'),
	(120930560223739904,'11111111','1970fdafcd3dca1fd32ee77d13281a45','GpOa+cQ+','','1111qqq','','','/img/02-01.jpg',NULL,NULL,'',000,NULL,NULL,000,'2019-07-27 09:49:44',NULL,NULL,NULL,NULL,NULL,5000000,'120930560223739904:11111111::1111qqq::::'),
	(123169682116050944,'zhangdog','142773666e87297e6e68c73716e6ab27','A,rw_H\"z','张一平','zhangdog','1009149928@qq.com','15810858940','/img/02-03.jpg',NULL,'2019-08-08','男',000,NULL,NULL,000,'2019-08-08 18:24:41',NULL,NULL,NULL,NULL,NULL,5000000,'123169682116050944:zhangdog:张一平:zhangdog:1009149928@qq.com:15810858940:2019-08-08 00:00:00:男'),
	(123178445826949120,'smsdrj','7c0e252c5aa012bb470f0117bfe4a235',';]d{*%[x','hehe','hehe','hehe@he.com','13312312333','/img/02-06.jpg',NULL,'2019-08-08','男',000,NULL,NULL,000,'2019-08-08 19:34:20',NULL,NULL,NULL,NULL,NULL,5000000,'123178445826949120:smsdrj:hehe:hehe:hehe@he.com:13312312333:2019-08-08 00:00:00:男'),
	(124039429269487616,'shabi','20b4ff8979421572b4cfbe01ba83f34f',':$|GxZe!','傻逼','傻逼','qq@qq.com','13800138000','/img/02-08.jpg',NULL,'1980-02-02','男',000,NULL,NULL,000,'2019-08-13 13:36:48',NULL,NULL,NULL,NULL,NULL,5000000,'124039429269487616:shabi:傻逼:傻逼:qq@qq.com:13800138000:1980-02-02 00:00:00:男'),
	(126059047303512064,'user6','ec25aba13d32d7b1952774c13fefb975','EFhj\\{)J',NULL,'zhang3','zhang3@126.com',NULL,'',NULL,NULL,NULL,000,NULL,NULL,000,'2019-08-24 17:07:17',NULL,NULL,NULL,NULL,NULL,5000000,'126059047303512064:user6::zhang3:zhang3@126.com:::'),
	(126059955894616064,'user7','a9a68dba7582ffc4224bd38ed79ccf5d','!Ln;oiY=',NULL,'li4','li4@126.com',NULL,'',NULL,NULL,NULL,000,NULL,NULL,000,'2019-08-24 17:14:31',NULL,NULL,NULL,NULL,NULL,5000000,'126059955894616064:user7::li4:li4@126.com:::'),
	(126060751549890560,'user8','6b265c9bfbd6b322f64f08f5e01fe71d','c#TOHK_L',NULL,'wang5','wang5@126.com',NULL,'',NULL,NULL,NULL,000,NULL,NULL,000,'2019-08-24 17:20:50',NULL,NULL,NULL,NULL,NULL,5000000,'126060751549890560:user8::wang5:wang5@126.com:::'),
	(126961131414618112,'user12','de10f978b143ff30b2bb1ebce487c9d2','9tR:Q<3,',NULL,'user12','user12@aa.com',NULL,'',NULL,NULL,NULL,000,NULL,NULL,000,'2019-08-29 16:36:25',NULL,NULL,NULL,NULL,NULL,5000000,'126961131414618112:user12::user12:user12@aa.com:::'),
	(128525943441457152,'xuhangxu','2eb6b2488c7d771002ab5421f5091a1f','.-|)jUS,','','航航','','','/img/02-01.jpg',NULL,NULL,'',000,NULL,NULL,000,'2019-09-07 07:52:25',NULL,NULL,NULL,NULL,NULL,5000000,'128525943441457152:xuhangxu::航航::::'),
	(131320312152195072,'user10000000','a036ba9a3986148f3671300fefd41f93',',)>kQ)rE',NULL,'user5','user5@126.com',NULL,'/img/02-03.jpg',NULL,NULL,NULL,000,NULL,NULL,000,'2019-09-22 18:00:04',NULL,NULL,NULL,NULL,NULL,5000000,'131320312152195072:user10000000::user5:user5@126.com:::'),
	(132159511893901312,'aaaaaaaa','44d6d05a60e83dd9a9932d7b2a605a14','RSDz;q6\\',NULL,'aaaaaaaa','',NULL,'/img/02-03.jpg',NULL,NULL,NULL,000,NULL,NULL,000,'2019-09-27 09:09:26',NULL,NULL,NULL,NULL,NULL,5000000,'132159511893901312:aaaaaaaa::aaaaaaaa::::'),
	(132168360589787136,'ww56946436','9ecd95cc225ad188d86375cc28a81d21','bp%\"\\7IZ','','林晨','','','/img/02-01.jpg',NULL,NULL,'',000,NULL,NULL,000,'2019-09-27 10:19:45',NULL,NULL,NULL,NULL,NULL,5000000,'132168360589787136:ww56946436::林晨::::'),
	(138939884401328128,'999999','3fcbe39c7c2864357149dd46fa0c3851','QamItign',NULL,'神','RK@linshiyouxiang.net',NULL,'',NULL,NULL,NULL,000,NULL,NULL,000,'2019-11-03 19:14:59',NULL,NULL,NULL,NULL,NULL,5000000,'138939884401328128:999999::神:RK@linshiyouxiang.net:::');

/*!40000 ALTER TABLE `t_user` ENABLE KEYS */;
UNLOCK TABLES;


# Dump of table t_user_group
# ------------------------------------------------------------

DROP TABLE IF EXISTS `t_user_group`;

CREATE TABLE `t_user_group` (
  `id` int(11) unsigned NOT NULL AUTO_INCREMENT,
  `user_id` bigint(20) DEFAULT NULL,
  `group_id` bigint(20) DEFAULT NULL,
  PRIMARY KEY (`id`)
) ENGINE=InnoDB DEFAULT CHARSET=utf8mb4 COLLATE=utf8mb4_unicode_ci;

LOCK TABLES `t_user_group` WRITE;
/*!40000 ALTER TABLE `t_user_group` DISABLE KEYS */;

INSERT INTO `t_user_group` (`id`, `user_id`, `group_id`)
VALUES
	(32,1,0),
	(33,12948627418775552,0),
	(34,33101303561322496,1),
	(35,33101303561322496,0),
	(36,70574366592598016,70572776842330112),
	(37,12949137737646080,70572776842330112),
	(38,33101303561322496,70572776842330112),
	(39,70574366592598016,70572776842330112),
	(40,33101303561322496,70572776842330112),
	(41,70952038415990784,70572776842330112),
	(42,1,70572776842330112),
	(43,1,70572776842330112),
	(44,70952038415990784,70572776842330112),
	(45,70952038415990784,70572776842330112),
	(46,89097730634285056,70572776842330112),
	(47,33101303561322496,0),
	(48,70574366592598016,89232224005652480),
	(49,33101303561322496,0),
	(50,33101303561322496,0),
	(63,13346082838806528,89232224005652480),
	(65,13346100494729216,89232224005652480);

/*!40000 ALTER TABLE `t_user_group` ENABLE KEYS */;
UNLOCK TABLES;


# Dump of table t_user_org_position
# ------------------------------------------------------------

DROP TABLE IF EXISTS `t_user_org_position`;

CREATE TABLE `t_user_org_position` (
  `job_id` bigint(20) NOT NULL,
  `user_id` bigint(20) DEFAULT NULL,
  `org_id` bigint(20) DEFAULT NULL,
  `position_id` bigint(20) DEFAULT NULL,
  `is_deleted` tinyint(3) unsigned zerofill DEFAULT NULL,
  `created_time` datetime DEFAULT current_timestamp(),
  `creater_id` bigint(20) DEFAULT NULL,
  `creater_name` varchar(40) COLLATE utf8mb4_unicode_ci DEFAULT NULL,
  `last_modified_time` datetime DEFAULT NULL,
  `last_modifier_id` bigint(20) DEFAULT NULL,
  `last_modifier_name` varchar(40) COLLATE utf8mb4_unicode_ci DEFAULT NULL,
  PRIMARY KEY (`job_id`),
  UNIQUE KEY `job_id` (`job_id`)
) ENGINE=InnoDB DEFAULT CHARSET=utf8mb4 COLLATE=utf8mb4_unicode_ci;

LOCK TABLES `t_user_org_position` WRITE;
/*!40000 ALTER TABLE `t_user_org_position` DISABLE KEYS */;

INSERT INTO `t_user_org_position` (`job_id`, `user_id`, `org_id`, `position_id`, `is_deleted`, `created_time`, `creater_id`, `creater_name`, `last_modified_time`, `last_modifier_id`, `last_modifier_name`)
VALUES
	(1,1,1,1,000,'2017-10-09 17:05:48',NULL,NULL,NULL,NULL,NULL),
	(3,1,0,1,000,'2017-10-25 20:51:01',NULL,NULL,NULL,NULL,NULL);

/*!40000 ALTER TABLE `t_user_org_position` ENABLE KEYS */;
UNLOCK TABLES;


# Dump of table t_user_project_dept_position
# ------------------------------------------------------------

DROP TABLE IF EXISTS `t_user_project_dept_position`;

CREATE TABLE `t_user_project_dept_position` (
  `job_id` bigint(20) NOT NULL,
  `user_id` bigint(20) DEFAULT NULL,
  `project_dept_id` bigint(20) DEFAULT NULL,
  `position_id` bigint(20) DEFAULT NULL,
  `is_deleted` tinyint(3) unsigned zerofill DEFAULT NULL,
  `creater_id` bigint(20) DEFAULT NULL,
  `created_time` datetime DEFAULT current_timestamp(),
  `creater_name` varchar(40) COLLATE utf8mb4_unicode_ci DEFAULT NULL,
  `last_modified_time` datetime DEFAULT NULL,
  `last_modifier_id` bigint(20) DEFAULT NULL,
  `last_modifier_name` varchar(40) COLLATE utf8mb4_unicode_ci DEFAULT NULL,
  PRIMARY KEY (`job_id`),
  UNIQUE KEY `job_id` (`job_id`)
) ENGINE=InnoDB DEFAULT CHARSET=utf8mb4 COLLATE=utf8mb4_unicode_ci;

LOCK TABLES `t_user_project_dept_position` WRITE;
/*!40000 ALTER TABLE `t_user_project_dept_position` DISABLE KEYS */;

INSERT INTO `t_user_project_dept_position` (`job_id`, `user_id`, `project_dept_id`, `position_id`, `is_deleted`, `creater_id`, `created_time`, `creater_name`, `last_modified_time`, `last_modifier_id`, `last_modifier_name`)
VALUES
	(2,1,1,1,000,NULL,'2017-10-09 17:06:52',NULL,NULL,NULL,NULL);

/*!40000 ALTER TABLE `t_user_project_dept_position` ENABLE KEYS */;
UNLOCK TABLES;



/*!40111 SET SQL_NOTES=@OLD_SQL_NOTES */;
/*!40101 SET SQL_MODE=@OLD_SQL_MODE */;
/*!40014 SET FOREIGN_KEY_CHECKS=@OLD_FOREIGN_KEY_CHECKS */;
/*!40101 SET CHARACTER_SET_CLIENT=@OLD_CHARACTER_SET_CLIENT */;
/*!40101 SET CHARACTER_SET_RESULTS=@OLD_CHARACTER_SET_RESULTS */;
/*!40101 SET COLLATION_CONNECTION=@OLD_COLLATION_CONNECTION */;
